Year,MotherAge,Births
1968,15,50
1968,16,331
1968,17,1328
1968,18,2799
1968,19,4258
1968,20,5878
1968,21,6813
1968,22,7978
1968,23,8732
1968,24,9217
1968,25,9118
1968,26,8335
1968,27,7292
1968,28,6392
1968,29,5933
1968,30,5104
1968,31,4134
1968,32,3693
1968,33,2924
1968,34,2576
1968,35,2100
1968,36,1870
1968,37,1645
1968,38,1288
1968,39,998
1968,40,807
1968,41,545
1968,42,372
1968,43,264
1968,44,150
1968,45,94
1968,46,31
1968,47,17
1968,48,9
1969,15,44
1969,16,272
1969,17,1036
1969,18,2276
1969,19,3545
1969,20,5002
1969,21,6359
1969,22,7341
1969,23,8347
1969,24,8874
1969,25,9146
1969,26,8748
1969,27,7600
1969,28,6340
1969,29,5644
1969,30,5020
1969,31,4109
1969,32,3502
1969,33,2940
1969,34,2312
1969,35,1957
1969,36,1561
1969,37,1454
1969,38,1127
1969,39,890
1969,40,727
1969,41,544
1969,42,352
1969,43,221
1969,44,157
1969,45,86
1969,46,44
1969,47,22
1969,48,9
1970,15,55
1970,16,348
1970,17,1132
1970,18,2197
1970,19,3331
1970,20,4663
1970,21,6132
1970,22,7526
1970,23,8499
1970,24,9441
1970,25,9400
1970,26,9467
1970,27,8639
1970,28,7165
1970,29,5726
1970,30,4890
1970,31,4204
1970,32,3523
1970,33,2807
1970,34,2375
1970,35,1900
1970,36,1595
1970,37,1297
1970,38,1071
1970,39,867
1970,40,604
1970,41,487
1970,42,321
1970,43,200
1970,44,126
1970,45,71
1970,46,52
1970,47,15
1970,48,9
1971,15,72
1971,16,310
1971,17,1084
1971,18,2207
1971,19,3468
1971,20,4704
1971,21,6142
1971,22,7561
1971,23,8838
1971,24,9552
1971,25,10057
1971,26,9971
1971,27,9141
1971,28,8040
1971,29,6572
1971,30,5234
1971,31,4241
1971,32,3644
1971,33,3040
1971,34,2407
1971,35,1954
1971,36,1520
1971,37,1248
1971,38,922
1971,39,797
1971,40,587
1971,41,442
1971,42,277
1971,43,205
1971,44,125
1971,45,66
1971,46,27
1971,47,11
1971,48,6
1972,15,47
1972,16,320
1972,17,1072
1972,18,2045
1972,19,3316
1972,20,4548
1972,21,5702
1972,22,7115
1972,23,8344
1972,24,9237
1972,25,9758
1972,26,9667
1972,27,9267
1972,28,8361
1972,29,7067
1972,30,5771
1972,31,4299
1972,32,3526
1972,33,2937
1972,34,2303
1972,35,1828
1972,36,1439
1972,37,1133
1972,38,943
1972,39,666
1972,40,537
1972,41,386
1972,42,273
1972,43,180
1972,44,90
1972,45,48
1972,46,24
1972,47,10
1972,48,7
1973,15,51
1973,16,274
1973,17,981
1973,18,1960
1973,19,2932
1973,20,4421
1973,21,5647
1973,22,6585
1973,23,7683
1973,24,8782
1973,25,9179
1973,26,9444
1973,27,9103
1973,28,8301
1973,29,7534
1973,30,6085
1973,31,4778
1973,32,3506
1973,33,2771
1973,34,2426
1973,35,1880
1973,36,1479
1973,37,1073
1973,38,856
1973,39,617
1973,40,450
1973,41,320
1973,42,210
1973,43,134
1973,44,91
1973,45,49
1973,46,31
1973,47,16
1973,48,7
1974,15,34
1974,16,242
1974,17,892
1974,18,1880
1974,19,3233
1974,20,4449
1974,21,5584
1974,22,6623
1974,23,7440
1974,24,8271
1974,25,8965
1974,26,9305
1974,27,8983
1974,28,8409
1974,29,7448
1974,30,6410
1974,31,5250
1974,32,3982
1974,33,2979
1974,34,2298
1974,35,1878
1974,36,1483
1974,37,1069
1974,38,876
1974,39,619
1974,40,468
1974,41,327
1974,42,205
1974,43,119
1974,44,77
1974,45,38
1974,46,20
1974,47,10
1974,48,1
1975,15,36
1975,16,239
1975,17,743
1975,18,1657
1975,19,2916
1975,20,4050
1975,21,4999
1975,22,6199
1975,23,7010
1975,24,7313
1975,25,8437
1975,26,8675
1975,27,8449
1975,28,7896
1975,29,7278
1975,30,6176
1975,31,5309
1975,32,4174
1975,33,3105
1975,34,2376
1975,35,1747
1975,36,1405
1975,37,1035
1975,38,759
1975,39,569
1975,40,405
1975,41,249
1975,42,177
1975,43,110
1975,44,67
1975,45,33
1975,46,17
1975,47,5
1975,48,7
1976,15,31
1976,16,164
1976,17,612
1976,18,1398
1976,19,2506
1976,20,3886
1976,21,4726
1976,22,5522
1976,23,6292
1976,24,7012
1976,25,7536
1976,26,7884
1976,27,8146
1976,28,7513
1976,29,6952
1976,30,6016
1976,31,5118
1976,32,4286
1976,33,3340
1976,34,2613
1976,35,1893
1976,36,1346
1976,37,1118
1976,38,806
1976,39,558
1976,40,419
1976,41,245
1976,42,160
1976,43,111
1976,44,63
1976,45,36
1976,46,18
1976,47,13
1976,48,1
1977,15,40
1977,16,155
1977,17,501
1977,18,1170
1977,19,2244
1977,20,3503
1977,21,4595
1977,22,5401
1977,23,5983
1977,24,6868
1977,25,7327
1977,26,7458
1977,27,7557
1977,28,7310
1977,29,6958
1977,30,6165
1977,31,5204
1977,32,4283
1977,33,3564
1977,34,2700
1977,35,2053
1977,36,1453
1977,37,1092
1977,38,817
1977,39,596
1977,40,400
1977,41,275
1977,42,150
1977,43,115
1977,44,54
1977,45,40
1977,46,12
1977,47,6
1977,48,2
1978,15,35
1978,16,121
1978,17,432
1978,18,1042
1978,19,1971
1978,20,3106
1978,21,4178
1978,22,5015
1978,23,5873
1978,24,6278
1978,25,7049
1978,26,7252
1978,27,6980
1978,28,6932
1978,29,6656
1978,30,6257
1978,31,5281
1978,32,4413
1978,33,3753
1978,34,2961
1978,35,2220
1978,36,1722
1978,37,1208
1978,38,812
1978,39,589
1978,40,433
1978,41,284
1978,42,168
1978,43,92
1978,44,52
1978,45,24
1978,46,15
1978,47,7
1978,48,4
1979,15,27
1979,16,116
1979,17,430
1979,18,936
1979,19,1859
1979,20,2837
1979,21,3876
1979,22,4904
1979,23,5652
1979,24,6620
1979,25,6942
1979,26,7378
1979,27,7488
1979,28,7122
1979,29,6861
1979,30,6342
1979,31,5670
1979,32,4782
1979,33,4083
1979,34,3217
1979,35,2678
1979,36,2035
1979,37,1435
1979,38,980
1979,39,675
1979,40,520
1979,41,327
1979,42,220
1979,43,134
1979,44,58
1979,45,24
1979,46,15
1979,47,5
1979,48,0
1980,15,32
1980,16,105
1980,17,386
1980,18,883
1980,19,1733
1980,20,2802
1980,21,3757
1980,22,4753
1980,23,5789
1980,24,6564
1980,25,6985
1980,26,7214
1980,27,7492
1980,28,7313
1980,29,6685
1980,30,6205
1980,31,5768
1980,32,4991
1980,33,4245
1980,34,3563
1980,35,2728
1980,36,2224
1980,37,1647
1980,38,1135
1980,39,757
1980,40,488
1980,41,371
1980,42,208
1980,43,109
1980,44,69
1980,45,36
1980,46,10
1980,47,5
1980,48,2
1981,15,27
1981,16,91
1981,17,385
1981,18,847
1981,19,1611
1981,20,2531
1981,21,3579
1981,22,4336
1981,23,5432
1981,24,6292
1981,25,6746
1981,26,7031
1981,27,6988
1981,28,7112
1981,29,6396
1981,30,6059
1981,31,5472
1981,32,4938
1981,33,4181
1981,34,3590
1981,35,3007
1981,36,2225
1981,37,1755
1981,38,1210
1981,39,857
1981,40,514
1981,41,334
1981,42,252
1981,43,145
1981,44,63
1981,45,33
1981,46,13
1981,47,2
1981,48,6
1982,15,19
1982,16,88
1982,17,331
1982,18,762
1982,19,1494
1982,20,2584
1982,21,3282
1982,22,4194
1982,23,5012
1982,24,5796
1982,25,6716
1982,26,7011
1982,27,7072
1982,28,6897
1982,29,6554
1982,30,5940
1982,31,5321
1982,32,4808
1982,33,4309
1982,34,3632
1982,35,2927
1982,36,2396
1982,37,1799
1982,38,1334
1982,39,985
1982,40,588
1982,41,380
1982,42,228
1982,43,143
1982,44,70
1982,45,43
1982,46,9
1982,47,12
1982,48,5
1983,15,16
1983,16,73
1983,17,242
1983,18,643
1983,19,1459
1983,20,2292
1983,21,3234
1983,22,3999
1983,23,4880
1983,24,5682
1983,25,6479
1983,26,7049
1983,27,7083
1983,28,6865
1983,29,6448
1983,30,6152
1983,31,5416
1983,32,4700
1983,33,4086
1983,34,3525
1983,35,3064
1983,36,2444
1983,37,1888
1983,38,1384
1983,39,998
1983,40,724
1983,41,419
1983,42,238
1983,43,141
1983,44,90
1983,45,37
1983,46,15
1983,47,10
1983,48,1
1984,15,13
1984,16,43
1984,17,194
1984,18,557
1984,19,1307
1984,20,2316
1984,21,3225
1984,22,4075
1984,23,4658
1984,24,5578
1984,25,6379
1984,26,7079
1984,27,7354
1984,28,7209
1984,29,6810
1984,30,6165
1984,31,5928
1984,32,4945
1984,33,4146
1984,34,3511
1984,35,3117
1984,36,2618
1984,37,2029
1984,38,1522
1984,39,1158
1984,40,804
1984,41,497
1984,42,311
1984,43,163
1984,44,108
1984,45,32
1984,46,24
1984,47,9
1984,48,4
1985,15,14
1985,16,49
1985,17,210
1985,18,561
1985,19,1285
1985,20,2388
1985,21,3435
1985,22,4217
1985,23,4952
1985,24,5821
1985,25,6640
1985,26,7173
1985,27,7448
1985,28,7631
1985,29,7221
1985,30,6712
1985,31,5915
1985,32,5357
1985,33,4551
1985,34,3708
1985,35,3177
1985,36,2816
1985,37,2110
1985,38,1657
1985,39,1238
1985,40,863
1985,41,585
1985,42,353
1985,43,192
1985,44,98
1985,45,52
1985,46,19
1985,47,6
1985,48,2
1986,15,17
1986,16,63
1986,17,208
1986,18,555
1986,19,1341
1986,20,2339
1986,21,3497
1986,22,4723
1986,23,5376
1986,24,6014
1986,25,6770
1986,26,7343
1986,27,7606
1986,28,7628
1986,29,7616
1986,30,7001
1986,31,6240
1986,32,5252
1986,33,4783
1986,34,4033
1986,35,3334
1986,36,2697
1986,37,2254
1986,38,1704
1986,39,1280
1986,40,875
1986,41,577
1986,42,395
1986,43,238
1986,44,103
1986,45,47
1986,46,23
1986,47,7
1986,48,0
1987,15,16
1987,16,56
1987,17,241
1987,18,485
1987,19,1236
1987,20,2337
1987,21,3334
1987,22,4757
1987,23,5971
1987,24,6302
1987,25,6879
1987,26,7384
1987,27,7615
1987,28,7856
1987,29,7707
1987,30,7413
1987,31,6574
1987,32,5875
1987,33,4798
1987,34,4161
1987,35,3386
1987,36,2700
1987,37,2218
1987,38,1631
1987,39,1338
1987,40,940
1987,41,620
1987,42,370
1987,43,261
1987,44,143
1987,45,63
1987,46,18
1987,47,10
1987,48,1
1988,15,13
1988,16,76
1988,17,237
1988,18,546
1988,19,1239
1988,20,2375
1988,21,3606
1988,22,4955
1988,23,6285
1988,24,7340
1988,25,7767
1988,26,8156
1988,27,8187
1988,28,8177
1988,29,8064
1988,30,7710
1988,31,7066
1988,32,6032
1988,33,5231
1988,34,4216
1988,35,3719
1988,36,2910
1988,37,2265
1988,38,1887
1988,39,1397
1988,40,1025
1988,41,682
1988,42,429
1988,43,241
1988,44,138
1988,45,71
1988,46,21
1988,47,9
1988,48,1
1989,15,12
1989,16,89
1989,17,273
1989,18,640
1989,19,1441
1989,20,2381
1989,21,3543
1989,22,5063
1989,23,6184
1989,24,7568
1989,25,8467
1989,26,8663
1989,27,8443
1989,28,8458
1989,29,8262
1989,30,7715
1989,31,7155
1989,32,6233
1989,33,5467
1989,34,4543
1989,35,3778
1989,36,3158
1989,37,2440
1989,38,1848
1989,39,1479
1989,40,1021
1989,41,736
1989,42,469
1989,43,249
1989,44,132
1989,45,60
1989,46,35
1989,47,12
1989,48,3
1990,15,24
1990,16,85
1990,17,294
1990,18,722
1990,19,1563
1990,20,2645
1990,21,3616
1990,22,5035
1990,23,6711
1990,24,7839
1990,25,9060
1990,26,9874
1990,27,9352
1990,28,9117
1990,29,8555
1990,30,8050
1990,31,7567
1990,32,6689
1990,33,5874
1990,34,4880
1990,35,4141
1990,36,3271
1990,37,2629
1990,38,1955
1990,39,1465
1990,40,1092
1990,41,757
1990,42,505
1990,43,288
1990,44,168
1990,45,61
1990,46,27
1990,47,14
1990,48,3
1991,15,16
1991,16,90
1991,17,247
1991,18,676
1991,19,1432
1991,20,2513
1991,21,3530
1991,22,4475
1991,23,6026
1991,24,7600
1991,25,8668
1991,26,9674
1991,27,10088
1991,28,9626
1991,29,8785
1991,30,8253
1991,31,7504
1991,32,6730
1991,33,5856
1991,34,5060
1991,35,4258
1991,36,3409
1991,37,2647
1991,38,2037
1991,39,1586
1991,40,1071
1991,41,769
1991,42,475
1991,43,342
1991,44,151
1991,45,77
1991,46,39
1991,47,14
1991,48,3
1992,15,17
1992,16,82
1992,17,259
1992,18,575
1992,19,1232
1992,20,2272
1992,21,3357
1992,22,4478
1992,23,5521
1992,24,7016
1992,25,8565
1992,26,9315
1992,27,9902
1992,28,10036
1992,29,9173
1992,30,8310
1992,31,7591
1992,32,6805
1992,33,5987
1992,34,5039
1992,35,4359
1992,36,3542
1992,37,2692
1992,38,2184
1992,39,1609
1992,40,1051
1992,41,777
1992,42,489
1992,43,285
1992,44,168
1992,45,92
1992,46,29
1992,47,25
1992,48,5
1993,15,14
1993,16,58
1993,17,221
1993,18,499
1993,19,1159
1993,20,2001
1993,21,3147
1993,22,4120
1993,23,5192
1993,24,6146
1993,25,7437
1993,26,8972
1993,27,9465
1993,28,9594
1993,29,9629
1993,30,8510
1993,31,7526
1993,32,6742
1993,33,5691
1993,34,4905
1993,35,4174
1993,36,3564
1993,37,2621
1993,38,2146
1993,39,1528
1993,40,1117
1993,41,791
1993,42,442
1993,43,317
1993,44,151
1993,45,62
1993,46,29
1993,47,15
1993,48,3
1994,15,12
1994,16,50
1994,17,198
1994,18,408
1994,19,1006
1994,20,1772
1994,21,2602
1994,22,3678
1994,23,4730
1994,24,5758
1994,25,6652
1994,26,7928
1994,27,8867
1994,28,9353
1994,29,9251
1994,30,8910
1994,31,7464
1994,32,6556
1994,33,5553
1994,34,4701
1994,35,4089
1994,36,3413
1994,37,2816
1994,38,2077
1994,39,1554
1994,40,1084
1994,41,736
1994,42,465
1994,43,296
1994,44,152
1994,45,63
1994,46,38
1994,47,17
1994,48,3
1995,15,20
1995,16,61
1995,17,169
1995,18,388
1995,19,852
1995,20,1517
1995,21,2421
1995,22,3279
1995,23,4290
1995,24,5177
1995,25,5987
1995,26,6729
1995,27,7830
1995,28,8405
1995,29,8502
1995,30,8035
1995,31,7575
1995,32,6359
1995,33,5496
1995,34,4458
1995,35,3958
1995,36,3152
1995,37,2516
1995,38,2068
1995,39,1488
1995,40,1032
1995,41,681
1995,42,457
1995,43,255
1995,44,146
1995,45,65
1995,46,33
1995,47,9
1995,48,6
1996,15,12
1996,16,58
1996,17,170
1996,18,370
1996,19,737
1996,20,1313
1996,21,2124
1996,22,2849
1996,23,3546
1996,24,4587
1996,25,5358
1996,26,6377
1996,27,6712
1996,28,7194
1996,29,7732
1996,30,7654
1996,31,7088
1996,32,6654
1996,33,5239
1996,34,4395
1996,35,3645
1996,36,3001
1996,37,2486
1996,38,1859
1996,39,1430
1996,40,1069
1996,41,695
1996,42,393
1996,43,284
1996,44,147
1996,45,57
1996,46,37
1996,47,18
1996,48,3
1997,15,11
1997,16,62
1997,17,180
1997,18,334
1997,19,638
1997,20,1169
1997,21,1730
1997,22,2584
1997,23,3346
1997,24,4110
1997,25,5049
1997,26,5869
1997,27,6213
1997,28,6880
1997,29,7197
1997,30,7118
1997,31,6928
1997,32,6273
1997,33,5527
1997,34,4486
1997,35,3661
1997,36,2861
1997,37,2416
1997,38,1850
1997,39,1363
1997,40,993
1997,41,707
1997,42,421
1997,43,280
1997,44,133
1997,45,62
1997,46,27
1997,47,11
1997,48,6
1998,15,14
1998,16,46
1998,17,143
1998,18,332
1998,19,610
1998,20,1025
1998,21,1579
1998,22,2167
1998,23,3000
1998,24,3824
1998,25,4402
1998,26,5651
1998,27,6156
1998,28,6499
1998,29,6625
1998,30,6981
1998,31,6970
1998,32,6545
1998,33,5643
1998,34,4933
1998,35,4037
1998,36,3217
1998,37,2489
1998,38,1924
1998,39,1462
1998,40,1052
1998,41,705
1998,42,429
1998,43,281
1998,44,157
1998,45,71
1998,46,38
1998,47,10
1998,48,8
1999,15,11
1999,16,45
1999,17,150
1999,18,297
1999,19,702
1999,20,1064
1999,21,1566
1999,22,2054
1999,23,2627
1999,24,3484
1999,25,4408
1999,26,5177
1999,27,6035
1999,28,6581
1999,29,6821
1999,30,6633
1999,31,6714
1999,32,6396
1999,33,5729
1999,34,5033
1999,35,4366
1999,36,3390
1999,37,2642
1999,38,1938
1999,39,1457
1999,40,1110
1999,41,686
1999,42,482
1999,43,274
1999,44,171
1999,45,69
1999,46,28
1999,47,17
1999,48,3
2000,15,17
2000,16,41
2000,17,181
2000,18,328
2000,19,667
2000,20,1150
2000,21,1706
2000,22,2010
2000,23,2530
2000,24,3165
2000,25,4260
2000,26,5217
2000,27,6173
2000,28,6710
2000,29,7179
2000,30,7114
2000,31,6589
2000,32,6335
2000,33,6049
2000,34,5331
2000,35,4568
2000,36,3753
2000,37,2754
2000,38,2122
2000,39,1586
2000,40,1092
2000,41,745
2000,42,452
2000,43,299
2000,44,166
2000,45,73
2000,46,43
2000,47,14
2000,48,9
2001,15,16
2001,16,60
2001,17,146
2001,18,312
2001,19,655
2001,20,1070
2001,21,1554
2001,22,2072
2001,23,2514
2001,24,3168
2001,25,3920
2001,26,5014
2001,27,5980
2001,28,6433
2001,29,7053
2001,30,7294
2001,31,7090
2001,32,6406
2001,33,6052
2001,34,5501
2001,35,4875
2001,36,4012
2001,37,3296
2001,38,2201
2001,39,1678
2001,40,1167
2001,41,820
2001,42,504
2001,43,317
2001,44,143
2001,45,79
2001,46,32
2001,47,15
2001,48,6
2002,15,10
2002,16,48
2002,17,195
2002,18,334
2002,19,636
2002,20,1083
2002,21,1562
2002,22,2211
2002,23,2707
2002,24,3137
2002,25,3956
2002,26,4772
2002,27,5905
2002,28,6927
2002,29,7324
2002,30,7895
2002,31,7842
2002,32,7031
2002,33,6153
2002,34,5702
2002,35,5021
2002,36,4214
2002,37,3368
2002,38,2584
2002,39,1863
2002,40,1278
2002,41,855
2002,42,559
2002,43,294
2002,44,190
2002,45,94
2002,46,32
2002,47,16
2002,48,7
2003,15,10
2003,16,51
2003,17,177
2003,18,347
2003,19,541
2003,20,1063
2003,21,1618
2003,22,2125
2003,23,2648
2003,24,3180
2003,25,3851
2003,26,4667
2003,27,5654
2003,28,6687
2003,29,7761
2003,30,8124
2003,31,8090
2003,32,7879
2003,33,6809
2003,34,5790
2003,35,5250
2003,36,4384
2003,37,3634
2003,38,2935
2003,39,2214
2003,40,1439
2003,41,954
2003,42,587
2003,43,330
2003,44,188
2003,45,95
2003,46,42
2003,47,18
2003,48,8
2004,15,19
2004,16,57
2004,17,166
2004,18,324
2004,19,607
2004,20,1047
2004,21,1637
2004,22,2010
2004,23,2564
2004,24,3222
2004,25,4078
2004,26,4616
2004,27,5490
2004,28,6417
2004,29,7490
2004,30,8338
2004,31,8156
2004,32,8034
2004,33,7333
2004,34,6360
2004,35,5161
2004,36,4505
2004,37,3773
2004,38,3033
2004,39,2285
2004,40,1700
2004,41,1071
2004,42,654
2004,43,386
2004,44,220
2004,45,101
2004,46,33
2004,47,18
2004,48,13
2005,15,18
2005,16,63
2005,17,157
2005,18,308
2005,19,666
2005,20,1146
2005,21,1527
2005,22,2098
2005,23,2594
2005,24,3265
2005,25,3945
2005,26,4679
2005,27,5432
2005,28,6209
2005,29,7135
2005,30,7878
2005,31,8618
2005,32,7966
2005,33,7511
2005,34,6452
2005,35,5559
2005,36,4586
2005,37,3833
2005,38,2978
2005,39,2389
2005,40,1705
2005,41,1126
2005,42,693
2005,43,394
2005,44,199
2005,45,120
2005,46,57
2005,47,21
2005,48,7
2006,15,13
2006,16,58
2006,17,166
2006,18,360
2006,19,639
2006,20,1220
2006,21,1624
2006,22,2222
2006,23,2693
2006,24,3298
2006,25,4041
2006,26,4903
2006,27,5833
2006,28,6414
2006,29,7260
2006,30,7826
2006,31,8477
2006,32,8576
2006,33,7688
2006,34,7209
2006,35,6165
2006,36,4905
2006,37,3899
2006,38,3161
2006,39,2478
2006,40,1910
2006,41,1167
2006,42,795
2006,43,465
2006,44,236
2006,45,92
2006,46,59
2006,47,36
2006,48,12
2007,15,17
2007,16,71
2007,17,159
2007,18,346
2007,19,676
2007,20,1217
2007,21,1830
2007,22,2450
2007,23,2809
2007,24,3547
2007,25,4132
2007,26,4954
2007,27,5935
2007,28,6496
2007,29,7010
2007,30,7731
2007,31,8128
2007,32,8181
2007,33,8019
2007,34,7146
2007,35,6221
2007,36,5294
2007,37,4206
2007,38,3137
2007,39,2527
2007,40,1899
2007,41,1334
2007,42,900
2007,43,515
2007,44,283
2007,45,114
2007,46,57
2007,47,36
2007,48,16
2008,15,12
2008,16,55
2008,17,153
2008,18,354
2008,19,730
2008,20,1294
2008,21,1944
2008,22,2605
2008,23,3113
2008,24,3673
2008,25,4392
2008,26,5036
2008,27,5759
2008,28,6861
2008,29,7426
2008,30,7756
2008,31,8132
2008,32,8025
2008,33,7659
2008,34,7211
2008,35,6339
2008,36,5362
2008,37,4331
2008,38,3335
2008,39,2517
2008,40,1936
2008,41,1351
2008,42,890
2008,43,516
2008,44,275
2008,45,129
2008,46,80
2008,47,22
2008,48,14
2009,15,10
2009,16,52
2009,17,172
2009,18,341
2009,19,724
2009,20,1332
2009,21,2087
2009,22,2557
2009,23,3329
2009,24,3853
2009,25,4389
2009,26,5130
2009,27,6039
2009,28,6769
2009,29,7634
2009,30,8130
2009,31,8086
2009,32,8047
2009,33,7550
2009,34,7125
2009,35,6678
2009,36,5519
2009,37,4523
2009,38,3664
2009,39,2667
2009,40,1856
2009,41,1428
2009,42,925
2009,43,554
2009,44,330
2009,45,144
2009,46,77
2009,47,33
2009,48,15
2010,15,9
2010,16,55
2010,17,157
2010,18,320
2010,19,716
2010,20,1347
2010,21,2068
2010,22,2751
2010,23,3317
2010,24,4113
2010,25,4829
2010,26,5518
2010,27,6147
2010,28,7028
2010,29,7801
2010,30,8530
2010,31,8490
2010,32,8152
2010,33,7733
2010,34,7114
2010,35,6517
2010,36,5874
2010,37,4642
2010,38,3758
2010,39,2955
2010,40,2090
2010,41,1387
2010,42,992
2010,43,533
2010,44,329
2010,45,196
2010,46,87
2010,47,45
2010,48,14
2011,15,9
2011,16,46
2011,17,140
2011,18,288
2011,19,722
2011,20,1240
2011,21,1997
2011,22,2561
2011,23,3353
2011,24,4103
2011,25,4787
2011,26,5484
2011,27,6059
2011,28,6760
2011,29,7436
2011,30,7691
2011,31,8412
2011,32,7861
2011,33,7334
2011,34,6922
2011,35,6078
2011,36,5490
2011,37,4744
2011,38,3722
2011,39,2820
2011,40,2181
2011,41,1444
2011,42,930
2011,43,491
2011,44,326
2011,45,179
2011,46,77
2011,47,35
2011,48,15
2012,15,9
2012,16,40
2012,17,117
2012,18,282
2012,19,590
2012,20,1162
2012,21,1870
2012,22,2712
2012,23,3325
2012,24,4284
2012,25,4950
2012,26,5854
2012,27,6370
2012,28,6902
2012,29,7302
2012,30,8000
2012,31,8351
2012,32,8316
2012,33,7460
2012,34,6895
2012,35,6181
2012,36,5297
2012,37,4462
2012,38,3668
2012,39,2919
2012,40,2129
2012,41,1504
2012,42,915
2012,43,569
2012,44,330
2012,45,202
2012,46,87
2012,47,47
2012,48,25
2013,15,10
2013,16,46
2013,17,112
2013,18,280
2013,19,506
2013,20,1094
2013,21,1795
2013,22,2503
2013,23,3456
2013,24,4203
2013,25,5065
2013,26,5856
2013,27,6426
2013,28,7221
2013,29,7576
2013,30,7937
2013,31,8257
2013,32,8222
2013,33,7905
2013,34,7037
2013,35,6018
2013,36,5127
2013,37,4468
2013,38,3633
2013,39,2968
2013,40,2182
2013,41,1477
2013,42,954
2013,43,604
2013,44,278
2013,45,169
2013,46,75
2013,47,51
2013,48,32
2014,15,13
2014,16,36
2014,17,89
2014,18,244
2014,19,509
2014,20,950
2014,21,1538
2014,22,2296
2014,23,3341
2014,24,4377
2014,25,5226
2014,26,6330
2014,27,6828
2014,28,7521
2014,29,7894
2014,30,8335
2014,31,8176
2014,32,8101
2014,33,7646
2014,34,7375
2014,35,6129
2014,36,5193
2014,37,4256
2014,38,3536
2014,39,2849
2014,40,2244
2014,41,1604
2014,42,944
2014,43,598
2014,44,348
2014,45,155
2014,46,103
2014,47,52
2014,48,32
2015,15,6
2015,16,30
2015,17,102
2015,18,210
2015,19,435
2015,20,930
2015,21,1441
2015,22,2181
2015,23,3141
2015,24,4202
2015,25,5587
2015,26,6407
2015,27,7206
2015,28,7525
2015,29,8301
2015,30,8419
2015,31,8279
2015,32,7977
2015,33,7480
2015,34,6913
2015,35,6451
2015,36,5287
2015,37,4210
2015,38,3518
2015,39,2786
2015,40,2004
2015,41,1541
2015,42,996
2015,43,591
2015,44,312
2015,45,175
2015,46,93
2015,47,48
2015,48,28
2016,15,11
2016,16,41
2016,17,108
2016,18,180
2016,19,448
2016,20,860
2016,21,1423
2016,22,2109
2016,23,2933
2016,24,4088
2016,25,5283
2016,26,6707
2016,27,7422
2016,28,8153
2016,29,8435
2016,30,8937
2016,31,8758
2016,32,8161
2016,33,7464
2016,34,6856
2016,35,6359
2016,36,5585
2016,37,4522
2016,38,3542
2016,39,2786
2016,40,2204
2016,41,1535
2016,42,1047
2016,43,661
2016,44,366
2016,45,212
2016,46,99
2016,47,53
2016,48,24
2017,15,12
2017,16,40
2017,17,98
2017,18,199
2017,19,458
2017,20,822
2017,21,1329
2017,22,1991
2017,23,2714
2017,24,3704
2017,25,4900
2017,26,6226
2017,27,7469
2017,28,7935
2017,29,8634
2017,30,8677
2017,31,8763
2017,32,8440
2017,33,7669
2017,34,6825
2017,35,5906
2017,36,5442
2017,37,4621
2017,38,3563
2017,39,2720
2017,40,2147
2017,41,1532
2017,42,1034
2017,43,680
2017,44,378
2017,45,230
2017,46,101
2017,47,61
2017,48,25
2018,15,8
2018,16,39
2018,17,77
2018,18,206
2018,19,460
2018,20,827
2018,21,1260
2018,22,1895
2018,23,2569
2018,24,3562
2018,25,4645
2018,26,5922
2018,27,7106
2018,28,8470
2018,29,8843
2018,30,9167
2018,31,8881
2018,32,8586
2018,33,7932
2018,34,6977
2018,35,6173
2018,36,5261
2018,37,4336
2018,38,3832
2018,39,2875
2018,40,2098
2018,41,1468
2018,42,951
2018,43,602
2018,44,358
2018,45,196
2018,46,111
2018,47,53
2018,48,28
2019,15,5
2019,16,20
2019,17,60
2019,18,152
2019,19,390
2019,20,694
2019,21,1191
2019,22,1671
2019,23,2395
2019,24,3201
2019,25,4342
2019,26,5523
2019,27,6701
2019,28,7936
2019,29,9131
2019,30,9127
2019,31,9228
2019,32,8618
2019,33,7965
2019,34,7196
2019,35,6380
2019,36,5337
2019,37,4396
2019,38,3580
2019,39,3014
2019,40,2203
2019,41,1499
2019,42,1050
2019,43,605
2019,44,369
2019,45,232
2019,46,133
2019,47,83
2019,48,27
2020,15,6
2020,16,19
2020,17,64
2020,18,132
2020,19,291
2020,20,680
2020,21,1050
2020,22,1565
2020,23,2062
2020,24,2756
2020,25,3838
2020,26,5064
2020,27,6435
2020,28,7697
2020,29,8999
2020,30,9667
2020,31,9265
2020,32,9093
2020,33,8139
2020,34,7317
2020,35,6481
2020,36,5352
2020,37,4409
2020,38,3535
2020,39,2878
2020,40,2422
2020,41,1422
2020,42,958
2020,43,623
2020,44,359
2020,45,206
2020,46,124
2020,47,66
2020,48,40
2021,15,6
2021,16,15
2021,17,41
2021,18,115
2021,19,276
2021,20,591
2021,21,934
2021,22,1386
2021,23,1921
2021,24,2638
2021,25,3509
2021,26,4598
2021,27,6017
2021,28,7407
2021,29,8603
2021,30,9574
2021,31,10148
2021,32,9675
2021,33,8825
2021,34,7884
2021,35,6794
2021,36,5659
2021,37,4702
2021,38,3665
2021,39,2961
2021,40,2213
2021,41,1643
2021,42,1047
2021,43,639
2021,44,367
2021,45,180
2021,46,105
2021,47,69
2021,48,28
2022,15,7
2022,16,14
2022,17,40
2022,18,96
2022,19,251
2022,20,477
2022,21,836
2022,22,1314
2022,23,1749
2022,24,2309
2022,25,2983
2022,26,4052
2022,27,5207
2022,28,6623
2022,29,7623
2022,30,8510
2022,31,8952
2022,32,9087
2022,33,8312
2022,34,7553
2022,35,6489
2022,36,5426
2022,37,4440
2022,38,3494
2022,39,2689
2022,40,2123
2022,41,1481
2022,42,1021
2022,43,647
2022,44,388
2022,45,219
2022,46,116
2022,47,74
2022,48,49
2023,15,3
2023,16,18
2023,17,41
2023,18,71
2023,19,223
2023,20,462
2023,21,785
2023,22,1102
2023,23,1620
2023,24,2172
2023,25,2736
2023,26,3662
2023,27,4712
2023,28,5845
2023,29,7108
2023,30,7796
2023,31,8734
2023,32,8819
2023,33,8302
2023,34,7332
2023,35,6520
2023,36,5419
2023,37,4362
2023,38,3563
2023,39,2712
2023,40,2026
2023,41,1473
2023,42,930
2023,43,612
2023,44,379
2023,45,206
2023,46,118
2023,47,69
2023,48,38
2024,15,0
2024,16,11
2024,17,31
2024,18,73
2024,19,196
2024,20,380
2024,21,716
2024,22,1095
2024,23,1542
2024,24,2077
2024,25,2700
2024,26,3411
2024,27,4175
2024,28,5323
2024,29,6579
2024,30,7668
2024,31,8414
2024,32,8609
2024,33,8257
2024,34,7708
2024,35,6710
2024,36,5769
2024,37,4559
2024,38,3568
2024,39,2748
2024,40,2120
2024,41,1484
2024,42,960
2024,43,588
2024,44,385
2024,45,232
2024,46,132
2024,47,82
2024,48,54
2025,15,7
2025,16,8
2025,17,19
2025,18,57
2025,19,167
2025,20,328
2025,21,592
2025,22,1023
2025,23,1484
2025,24,1977
2025,25,2685
2025,26,3412
2025,27,4174
2025,28,5022
2025,29,6085
2025,30,7054
2025,31,8343
2025,32,8506
2025,33,8416
2025,34,7898
2025,35,7182
2025,36,5867
2025,37,4741
2025,38,3609
2025,39,2766
2025,40,2210
2025,41,1469
2025,42,916
2025,43,579
2025,44,337
2025,45,249
2025,46,128
2025,47,66
2025,48,35
