"Population by region, marital status, age, sex and year"

"region";"marital status";"age";"sex";"1968";"1969";"1970";"1971";"1972";"1973";"1974";"1975";"1976";"1977";"1978";"1979";"1980";"1981";"1982";"1983";"1984";"1985";"1986";"1987";"1988";"1989";"1990";"1991";"1992";"1993";"1994";"1995";"1996";"1997";"1998";"1999";"2000";"2001";"2002";"2003";"2004";"2005";"2006";"2007";"2008";"2009";"2010";"2011";"2012";"2013";"2014";"2015";"2016";"2017";"2018";"2019";"2020";"2021";"2022";"2023";"2024"
"00 Sweden";"single";"15 years";"men";56031;53897;55304;56146;54825;54344;54448;52729;54256;55558;58792;63175;63396;63372;62578;58296;55680;56092;58533;58027;57008;57701;54503;52113;51081;49618;51697;52591;51015;51156;50854;52138;54532;56322;57198;61546;63125;66740;66672;65580;62549;60461;56659;52783;51005;51294;51042;53287;54366;57017;58915;60386;60568;62932;63641;64719;65332
"00 Sweden";"single";"15 years";"women";52959;51223;52509;52373;52615;51337;51147;50456;51411;52807;55390;60421;60189;59953;59192;55689;52611;53818;55583;55200;54501;54945;52130;49450;48224;47296;49291;49998;48781;48262;47943;49080;51324;53158;54875;57835;59673;63365;62779;61919;59829;57764;53413;50230;47980;47890;48184;49781;50526;53557;55462;56558;57350;59379;59916;60694;61503
"00 Sweden";"single";"16 years";"men";55917;56402;54213;55386;56109;54781;54364;54536;52799;54347;55624;58818;63194;63411;63372;62571;58350;55727;56158;58652;58191;57329;57927;54693;52308;51338;50063;51802;52644;51121;51302;50992;52390;54784;56598;57461;61740;63290;67172;67281;66175;63343;61106;57550;53772;52075;52562;52338;55217;56202;57928;59498;60769;60892;63266;63863;65085
"00 Sweden";"single";"16 years";"women";52979;53460;51710;52680;52386;52634;51435;51272;50584;51548;52866;55443;60485;60197;59966;59178;55710;52642;53901;55693;55327;54719;55111;52280;49565;48495;47673;49376;50066;48877;48397;48076;49266;51564;53391;55092;58061;59861;63744;63139;62318;60342;58129;53823;50708;48752;48624;48994;50694;51353;54240;56025;56839;57666;59688;60012;60996
"00 Sweden";"single";"17 years";"men";55922;56503;56912;54269;55364;56094;54870;54466;54634;52936;54416;55688;58882;63221;63403;63381;62610;58403;55775;56259;58851;58458;57515;58132;54948;52608;51807;50162;51875;52760;51308;51511;51201;52655;55084;56885;57659;61943;63729;67881;67950;66902;64080;62015;58464;54930;53392;54089;54633;57284;57108;58491;59801;61136;61248;63509;64201
"00 Sweden";"single";"17 years";"women";52050;53673;53984;51818;52685;52353;52697;51546;51399;50728;51651;52948;55508;60436;60185;59975;59214;55749;52706;53969;55787;55548;54850;55257;52442;49785;48854;47793;49416;50160;48991;48543;48224;49464;51786;53590;55293;58255;60229;64099;63596;62821;60737;58522;54325;51426;49431;49433;49972;51506;51997;54729;56278;57132;57933;59846;60280
"00 Sweden";"single";"18 years";"men";58681;56895;57416;57038;54345;55406;56250;55072;54705;54822;53065;54601;55875;58921;63251;63389;63436;62667;58517;55927;56533;59220;58722;57673;58436;55269;53044;51910;50253;51969;52873;51384;51702;51422;52904;55346;57090;57825;62325;64241;68371;68441;67406;64591;62565;59274;55957;54554;56366;58066;58705;57722;58890;60265;61632;61682;64079
"00 Sweden";"single";"18 years";"women";51862;52853;53701;53444;51342;52251;51934;52364;51221;51223;50523;51626;52929;55311;60294;59991;59865;59077;55646;52659;53936;55852;55589;54789;55227;52495;49998;48796;47712;49408;50162;48977;48614;48251;49546;51850;53605;55293;58361;60423;64293;63890;63092;60977;58852;54837;51979;50179;50371;50936;52225;52486;55013;56627;57516;58272;60338
"00 Sweden";"single";"19 years";"men";60387;59742;57686;57140;56899;54222;55465;56424;55253;54830;54920;53309;54824;55847;58907;63212;63466;63473;62832;58620;56180;56972;59469;58802;57750;58644;55683;53092;51920;50347;51908;52907;51460;51795;51519;52985;55423;57142;58088;62539;64447;68553;68653;67626;64810;63057;59963;56636;55879;57407;61081;59901;57971;59310;60716;61994;62249
"00 Sweden";"single";"19 years";"women";49750;52635;51790;52244;51985;50191;51014;50971;51496;50486;50711;50138;51452;52536;54878;59842;59609;59508;58828;55409;52448;53841;55672;55311;54557;55071;52579;49857;48498;47405;48976;49755;48644;48357;47991;49271;51578;53308;55081;58218;60139;64142;63596;62926;60915;58984;55073;52282;50731;50746;51250;52541;52653;55240;56934;57758;58730
"00 Sweden";"single";"20 years";"men";62487;61082;59303;56608;56279;56239;53914;55222;56198;55152;54678;54934;53321;54629;55611;58743;63198;63469;63497;62830;58761;56535;57017;59355;58822;57904;58826;55637;52994;51863;50214;51837;52903;51477;51812;51516;52953;55375;57364;58227;62673;64637;68592;68757;67785;65179;63663;60691;57976;56560;58949;64219;60171;58326;59730;60957;62463
"00 Sweden";"single";"20 years";"women";50089;50390;49846;48996;49482;49627;47968;49058;49119;50028;49346;49697;49296;50476;51610;54064;59103;58813;58863;58178;54859;51853;53326;54995;54826;54166;54857;52169;49515;48045;46996;48654;49576;48357;48041;47750;48872;51220;53047;54771;57842;59830;63756;63316;62804;60940;59139;55277;52764;51012;50939;51297;52485;52703;55380;57025;57925
"00 Sweden";"single";"21 years";"men";60714;61642;60874;58009;55258;55172;55433;53343;54724;55797;54815;54635;54868;52928;54168;55291;58651;63019;63316;63362;62863;59049;56405;56822;59139;58836;57981;58590;55469;52779;51640;50033;51756;52837;51389;51743;51464;52873;55678;57499;58220;62760;64656;68666;68847;68048;65825;64369;62149;58575;57065;60124;64635;60484;58633;60013;61172
"00 Sweden";"single";"21 years";"women";43413;45049;46081;45906;45204;46064;46091;45062;46262;47076;48162;47788;48245;47769;48974;50210;52835;57823;57600;57670;56996;53465;50822;52367;54110;54120;53633;54204;51542;48970;47492;46552;48268;49167;47977;47557;47287;48384;50838;52617;54293;57492;59442;63245;62990;62566;60732;59145;55456;52760;50945;50912;51219;52399;52743;55449;57188
"00 Sweden";"single";"22 years";"men";56801;57732;59432;57956;55408;53170;53239;53923;52065;53731;54839;54231;54099;54061;52132;53544;54829;58208;62611;62854;63039;62667;58652;55910;56370;58866;58789;57604;58238;55106;52455;51404;49920;51609;52850;51371;51728;51493;53186;55953;57675;58739;63132;64730;68834;69098;68613;66695;65795;62909;59184;57701;60543;65081;60993;59115;60579
"00 Sweden";"single";"22 years";"women";36301;37700;40065;41368;41186;41202;41801;42408;41535;43478;44664;45903;45705;46162;45837;47114;48490;51158;56119;55812;55903;54595;51824;49489;50957;53094;53293;52737;53435;50685;48217;46901;46033;47796;48619;47398;47047;46790;48007;50385;52255;54058;57179;59040;62963;62749;62370;60655;59438;55563;52755;51037;50926;51368;52571;52880;55855
"00 Sweden";"single";"23 years";"men";49862;52418;54022;55265;54019;52120;50201;50889;51867;50334;52287;53622;53097;52757;52875;51155;52698;54096;57399;61693;62076;62117;61699;57837;55207;55953;58520;58296;57153;57734;54676;52125;51228;49809;51618;52811;51357;51870;51956;53599;56184;58198;59284;63188;64901;69147;69607;69343;67968;66657;63461;59748;58040;61034;65385;61350;59426
"00 Sweden";"single";"23 years";"women";29227;30727;32848;35262;36731;36962;36727;37657;38422;38518;40677;42180;43285;43259;43779;43682;45012;46443;49089;53816;53488;52787;52254;50096;47729;49532;51763;52070;51550;52296;49740;47531;46281;45536;47202;48048;46843;46573;46314;47608;50047;52018;53769;56676;58673;62579;62485;62224;60718;59449;55642;52722;51096;51127;51647;52740;53190
"00 Sweden";"single";"24 years";"men";42143;44698;48117;49210;50506;49956;48347;47022;47988;49431;48339;50454;51916;51294;51067;51339;49973;51468;53051;56208;60313;60402;60680;60350;56726;54434;55316;57812;57618;56470;57094;54175;51887;50939;49727;51396;52640;51285;52117;52288;53769;56618;58536;59168;63068;64996;69542;70139;70302;68519;66919;63765;59923;58360;61359;65058;61282
"00 Sweden";"single";"24 years";"women";23155;24754;26664;28755;31073;32733;32591;32800;33851;35276;35692;37913;39373;40465;40626;41309;41300;42644;44211;46587;51039;49427;49867;49937;48004;45980;47905;50155;50482;50148;51093;48681;46555;45547;44831;46338;47256;46196;45975;45668;46950;49608;51495;53074;55929;58094;61954;61914;61960;60393;59105;55379;52506;51025;51086;51497;52685
"00 Sweden";"single";"25 years";"men";32985;37010;40399;43523;44387;46178;45549;44580;43497;45074;46769;45993;48136;49424;48954;49071;49577;48346;49857;51427;54503;57660;58392;58964;58567;55428;53331;54090;56687;56612;55558;56295;53579;51426;50469;49319;50915;52238;51101;52071;52166;53800;56579;58038;58821;62948;64936;69629;70759;70507;68476;66892;63669;59956;58475;61045;64032
"00 Sweden";"single";"25 years";"women";17672;19670;21523;23359;25213;27654;28806;28927;29268;30813;32458;32923;35097;36379;37541;37836;38702;38576;40119;41550;43691;46147;46115;47122;47184;45649;43909;45875;48209;48718;48432;49505;47210;45325;44479;43770;45208;46145;45208;45041;44720;46090;48500;50194;51830;54904;57016;60800;61073;61228;59621;58365;54892;52107;50675;50626;51134
"00 Sweden";"single";"26 years";"men";25416;28865;33263;36347;39157;40339;41648;41573;40890;40519;42371;44105;43446;45407;46792;46523;46888;47460;46526;47878;49418;51377;55209;56185;56726;56691;53767;51810;52623;55278;55310;54347;55193;52717;50671;49618;48639;50292;51719;50612;51440;51822;53516;55790;57119;58223;62597;64592;69822;70520;70073;68111;66558;63399;59671;57893;60202
"00 Sweden";"single";"26 years";"women";13414;15241;17180;19036;20688;22570;24515;25610;25798;26672;28355;29918;30376;32493;33677;34877;35147;36008;36080;37338;38811;38951;42648;43390;44316;44650;43322;41782;43661;46157;46698;46485;47592;45670;43799;42990;42364;43671;44666;43764;43560;43417;44749;47011;48550;50460;53461;55486;59492;59779;59872;58523;57565;54176;51400;49778;49832
"00 Sweden";"single";"27 years";"men";19485;22412;25984;29994;32751;35569;36473;37839;37937;37848;37849;39767;41354;40656;42744;44167;44215;44645;45175;44247;45520;45963;48509;52770;53700;54626;54655;51900;49980;50938;53631;53659;52765;53877;51478;49508;48415;47555;49269;50699;49596;50507;50960;52225;54409;56100;57396;61706;64370;69083;69712;69263;67334;65923;62669;58566;56939
"00 Sweden";"single";"27 years";"women";9958;11817;13568;15348;16962;18735;20137;21980;22903;23563;24533;26127;27483;27947;29980;31205;32388;32682;33402;33487;34604;34041;35720;40025;40582;41845;42169;40999;39603;41403;43982;44467;44176;45516;43706;41950;41168;40465;41669;42642;41885;41953;41690;42873;45015;46847;48605;51400;53844;57796;58081;58236;57332;56431;53047;50236;48745
"00 Sweden";"single";"28 years";"men";16055;17471;20375;23581;27201;29917;32272;33233;34433;35143;35193;35437;37056;38594;38104;40136;41628;41848;42301;42492;41928;41693;43220;46192;50094;51373;52405;52348;49765;48040;49106;51713;51531;51098;52192;49962;47885;46920;46100;47944;49030;48353;49069;49422;50386;52911;54807;56013;60808;63179;67686;68275;68261;66296;64744;61101;57244
"00 Sweden";"single";"28 years";"women";8162;8918;10586;12253;13857;15503;16952;18261;19863;21007;21779;22666;24095;25320;25851;27828;29015;30103;30344;30977;31024;29959;31242;33499;37445;38257;39543;39806;38637;37471;39243;41652;41872;41976;43177;41534;39710;39062;38189;39504;40452;39873;39797;39581;40747;42879;44780;46446;49396;51868;55745;56033;56818;55946;54762;51343;48824
"00 Sweden";"single";"29 years";"men";13995;14520;16094;18547;21457;24982;27292;29521;30382;31900;32703;32815;33072;34480;36034;35770;37862;39184;39356;39875;40095;37907;39063;40952;43761;47712;49123;49978;49992;47606;46023;47057;49430;49510;49166;50133;47954;45936;45171;44357;46175;47303;46421;47106;47494;48692;51304;53020;54849;59343;61484;65852;66923;66912;64751;62779;59346
"00 Sweden";"single";"29 years";"women";7110;7431;8172;9686;11182;12733;14146;15547;16714;18349;19502;20233;21026;22248;23479;24100;25855;26994;27992;28208;28803;26609;27350;29362;31381;35278;36103;37397;37648;36598;35590;37052;38980;39552;39594;40768;39114;37468;36641;35827;37100;38109;37548;37625;37299;38723;40786;42331;44479;47221;49638;53570;54334;55175;53922;52769;49498
"00 Sweden";"single";"30 years";"men";11569;12810;13432;14799;16985;19766;22903;25111;27119;28231;29763;30432;30536;30856;32235;33686;33460;35444;36709;36731;37321;35646;35238;37017;38616;41560;45238;46610;47628;47747;45526;43850;44700;47238;47239;46848;47621;45496;43698;43033;42184;44082;44959;44191;44714;45477;46780;49211;51349;53102;57427;59389;64077;65278;64918;62439;60596
"00 Sweden";"single";"30 years";"women";6102;6549;6819;7538;8894;10354;11696;12990;14263;15556;17090;18135;18813;19589;20779;21844;22418;24079;25099;26010;26156;24260;24260;25660;27417;29556;33262;33929;35131;35500;34643;33463;34570;36666;37161;37113;37973;36314;34818;34079;33286;34694;35513;35043;35221;35072;36494;38388;40097;42141;44883;47343;51788;52552;52827;51689;50546
"00 Sweden";"single";"31 years";"men";10264;10667;11997;12473;13694;15827;18391;21302;23227;25390;26474;27885;28496;28475;28888;30338;31662;31522;33358;34535;34520;32965;33180;33419;35105;36895;39571;43137;44470;45433;45699;43423;41597;42791;45025;45018;44485;45248;43122;41549;40953;40175;41883;42618;42005;42636;43374;44761;47539;49527;51188;55433;57758;62356;63082;62538;59962
"00 Sweden";"single";"31 years";"women";5230;5718;6147;6362;7033;8327;9689;10876;12106;13435;14649;16109;17103;17602;18381;19652;20504;21136;22626;23576;24381;22125;22268;23000;24221;26163;28166;31688;32356;33482;33946;32922;31500;32801;34722;35040;34904;35507;33962;32511;31900;31316;32439;33337;32851;33269;33126;34449;36393;38124;40102;42816;45694;49937;50321;50595;49431
"00 Sweden";"single";"32 years";"men";8980;9584;10071;11185;11637;12802;14781;17290;19866;21851;23984;24962;26205;26671;26862;27317;28639;29925;29657;31415;32473;30291;30673;31496;31781;33521;35245;37807;41161;42576;43594;43522;41217;39768;40778;42906;42606;42130;42878;40859;39398;38778;37996;39674;40314;40010;40728;41296;43156;45701;47673;49142;53705;56153;60147;60701;60015
"00 Sweden";"single";"32 years";"women";4851;4913;5423;5805;5991;6627;7805;9064;10238;11506;12803;13859;15240;16117;16727;17366;18588;19371;19951;21423;22187;20506;20384;21188;21864;23178;24999;26861;30275;30956;32027;32300;31049;30037;31126;32922;32990;32720;33278;31790;30473;30010;29354;30543;31392;30998;31365;31362;32751;34580;36377;38325;41339;44181;47776;48168;48343
"00 Sweden";"single";"33 years";"men";8152;8462;9108;9518;10510;10990;12050;13916;16212;18825;20713;22820;23607;24669;25203;25482;25956;27196;28323;28023;29695;28423;28183;29300;29908;30373;32063;33688;36218;39464;40846;41748;41376;39455;38012;38932;40645;40396;39787;40551;38537;37524;36612;36004;37474;38467;38110;38783;39753;41426;43813;45766;47716;52000;54048;57813;58146
"00 Sweden";"single";"33 years";"women";4250;4584;4690;5133;5500;5679;6270;7380;8554;9736;10995;12216;13152;14471;15296;15884;16599;17729;18411;18976;20331;18569;18877;19534;20249;21017;22236;23949;25832;29116;29766;30634;30723;29741;28703;29613;31084;31058;30816;31306;29844;28824;28129;27644;28820;29737;29408;29739;29821;31250;32931;34767;36990;39963;42328;45753;46152
"00 Sweden";"single";"34 years";"men";7626;7781;8124;8643;8964;9980;10475;11435;13154;15456;17998;19796;21704;22354;23449;24021;24300;24693;25812;26927;26603;25788;26516;26957;27967;28802;29142;30713;32401;34780;38001;39100;39856;39702;37817;36301;36995;38499;38357;37678;38284;36688;35364;34740;34065;35655;36628;36277;37205;38112;39716;42151;44264;46231;50034;51931;55353
"00 Sweden";"single";"34 years";"women";3972;4076;4403;4474;4885;5247;5412;5996;7013;8210;9367;10521;11676;12575;13846;14701;15210;15932;16981;17512;18105;16973;17204;18169;18814;19613;20196;21423;23088;24892;28149;28574;29285;29574;28571;27501;28175;29447;29422;29143;29475;28367;27107;26470;26107;27401;28259;27945;28269;28526;29816;31572;33601;35820;38292;40679;43893
"00 Sweden";"single";"35 years";"men";7253;7340;7476;7783;8224;8565;9528;9996;10891;12566;14785;17230;18885;20683;21334;22356;22988;23252;23558;24522;25580;23018;24020;25470;25769;26875;27706;28007;29532;31193;33419;36478;37387;38367;38133;36180;34587;35112;36600;36292;35650;36446;34602;33468;32845;32437;34031;34952;34824;35719;36522;38116;40836;43046;44499;48167;49821
"00 Sweden";"single";"35 years";"women";3802;3828;3933;4217;4302;4701;5024;5187;5719;6759;7891;8995;10109;11241;12118;13308;14140;14598;15278;16299;16734;15170;15700;16623;17490;18239;18999;19521;20662;22370;24150;27124;27405;28305;28585;27394;26192;26805;27963;27853;27486;27905;26672;25636;25017;24892;26016;26814;26578;26968;27310;28610;30645;32591;34489;36774;38996
"00 Sweden";"single";"36 years";"men";7293;6992;7129;7160;7448;7879;8246;9202;9546;10483;12068;14200;16557;18144;19870;20543;21474;22028;22321;22585;23361;22140;21579;23122;24456;24842;25924;26717;27047;28537;30186;32168;35003;36047;36970;36670;34601;32994;33584;34767;34466;33964;34504;32837;31683;31386;30980;32457;33535;33475;34286;35184;36899;39704;41558;42810;46180
"00 Sweden";"single";"36 years";"women";3701;3674;3710;3791;4069;4158;4522;4832;5002;5516;6550;7650;8673;9769;10870;11703;12901;13658;14079;14727;15667;14153;14160;15257;16079;16964;17677;18382;18909;20071;21711;23385;26122;26579;27383;27618;26354;25052;25581;26618;26480;26170;26360;25353;24304;23834;23739;24832;25664;25450;25960;26329;27799;29741;31399;33231;35402
"00 Sweden";"single";"37 years";"men";7031;7050;6825;6919;6937;7187;7606;7962;8847;9221;10146;11648;13725;16000;17453;19155;19799;20645;21106;21472;21692;20242;20776;20855;22302;23676;24100;25005;25871;26257;27650;29143;30950;33882;34824;35620;35218;33106;31523;32099;32964;32942;32282;32809;31272;30389;29981;29649;31156;32162;32131;33077;34165;35873;38304;40000;41120
"00 Sweden";"single";"37 years";"women";3646;3603;3587;3599;3673;3946;4029;4381;4660;4864;5353;6357;7413;8396;9486;10554;11354;12507;13233;13668;14198;13280;13271;13761;14878;15692;16542;17218;17890;18390;19574;21081;22629;25425;25768;26510;26626;25302;24010;24443;25378;25366;24938;25246;24142;23307;22773;22776;23776;24639;24450;25077;25616;27051;28816;30425;32069
"00 Sweden";"single";"38 years";"men";6982;6863;6861;6632;6641;6679;6962;7361;7688;8573;8942;9833;11263;13264;15462;16893;18542;19158;19901;20360;20662;18898;19057;20207;20205;21668;22908;23356;24341;25062;25545;26795;28149;30052;32910;33677;34238;33799;31777;30166;30618;31661;31338;30756;31273;29949;29005;28853;28535;29993;30913;30965;32171;33281;34699;37016;38393
"00 Sweden";"single";"38 years";"women";3664;3549;3513;3496;3511;3578;3844;3927;4242;4545;4746;5232;6187;7211;8183;9253;10272;11030;12117;12819;13288;12229;12476;12958;13413;14605;15325;16136;16813;17460;18034;19033;20470;22085;24743;25023;25600;25678;24322;23071;23472;24430;24285;23907;24140;23194;22402;21896;21946;22963;23790;23643;24391;25065;26213;27922;29473
"00 Sweden";"single";"39 years";"men";7055;6979;6706;6680;6423;6459;6495;6759;7126;7487;8342;8722;9540;10930;12902;15048;16419;17963;18545;19218;19712;17989;17859;18521;19640;19670;21075;22264;22722;23660;24406;24803;25929;27409;29238;31871;32556;33010;32522;30594;28920;29409;30240;30058;29417;30023;28838;27949;27813;27595;28894;29938;30070;31411;32207;33554;35637
"00 Sweden";"single";"39 years";"women";3689;3663;3469;3428;3397;3439;3484;3744;3808;4175;4452;4643;5114;6045;7054;8003;9032;10038;10757;11827;12476;11532;11515;12245;12680;13165;14309;14968;15792;16448;17106;17590;18555;20056;21553;24116;24242;24822;24949;23432;22230;22747;23422;23363;22931;23332;22389;21636;21154;21269;22171;23067;23040;23861;24374;25441;27015
"00 Sweden";"single";"40 years";"men";7113;6948;6852;6548;6511;6255;6294;6334;6576;6972;7317;8135;8490;9282;10641;12550;14587;15945;17381;17947;18586;17192;16974;17402;17996;19092;19142;20413;21642;22048;22966;23625;23954;25110;26448;28285;30575;31175;31662;31039;29138;27607;27911;28913;28580;28165;28703;27574;26839;26705;26606;27876;29151;29314;30430;31129;32258
"00 Sweden";"single";"40 years";"women";3650;3625;3586;3391;3353;3320;3357;3395;3640;3696;4085;4362;4531;5002;5915;6909;7812;8826;9767;10454;11493;10987;10886;11257;11942;12386;12861;13971;14616;15402;16033;16558;17081;18075;19443;20859;23237;23251;23811;23858;22382;21277;21626;22292;22215;21898;22359;21340;20676;20303;20514;21375;22435;22495;23082;23540;24597
"00 Sweden";"single";"41 years";"men";6995;6998;6838;6705;6367;6349;6130;6145;6202;6425;6829;7157;7941;8268;9058;10363;12253;14212;15543;16929;17468;16436;16351;16575;16955;17619;18666;18681;19935;21193;21563;22381;23029;23426;24463;25733;27480;29557;30191;30633;29901;28246;26578;26962;27836;27635;27223;27731;26678;25988;25900;25848;27167;28505;28490;29552;30108
"00 Sweden";"single";"41 years";"women";3495;3586;3558;3514;3321;3294;3260;3286;3328;3566;3633;4008;4283;4458;4922;5796;6776;7675;8641;9592;10250;10271;10473;10680;11048;11762;12202;12635;13727;14378;15155;15746;16216;16780;17761;19067;20336;22672;22627;23218;23134;21803;20634;21002;21525;21599;21241;21712;20696;20127;19748;20018;20912;22045;21951;22487;22925
"00 Sweden";"single";"42 years";"men";7018;6888;6875;6693;6525;6226;6209;5984;6006;6086;6297;6694;7012;7761;8091;8870;10133;11994;13854;15141;16505;15639;15658;16032;16174;16623;17271;18267;18302;19519;20741;21034;21813;22575;22887;23841;25017;26680;28686;29223;29643;29018;27265;25685;25990;26939;26802;26334;26855;25879;25249;25214;25247;26628;27748;27775;28597
"00 Sweden";"single";"42 years";"women";3744;3434;3533;3496;3457;3269;3231;3199;3250;3281;3512;3579;3951;4203;4390;4832;5690;6668;7551;8486;9433;9241;9861;10307;10517;10878;11591;12002;12432;13493;14173;14884;15470;15975;16528;17418;18624;19896;22156;22059;22612;22569;21186;20074;20374;21022;21064;20702;21161;20236;19655;19268;19628;20562;21593;21491;22052
"00 Sweden";"single";"43 years";"men";7357;6903;6778;6730;6558;6396;6128;6124;5874;5893;5982;6165;6564;6847;7587;7901;8661;9943;11721;13559;14761;14819;14924;15313;15687;15850;16311;16876;17899;17947;19163;20283;20566;21370;22134;22367;23261;24312;26004;27851;28287;28807;28132;26444;24862;25265;26156;26054;25590;26119;25152;24661;24704;24725;26040;27073;26963
"00 Sweden";"single";"43 years";"women";3925;3676;3379;3471;3436;3403;3223;3178;3141;3191;3225;3452;3532;3889;4139;4309;4759;5601;6566;7415;8326;8611;8886;9716;10135;10393;10717;11407;11839;12293;13319;13982;14621;15219;15714;16261;17102;18247;19453;21670;21560;22144;22006;20669;19494;19947;20534;20586;20230;20722;19851;19243;18933;19323;20122;21181;21023
"00 Sweden";"single";"44 years";"men";7359;7236;6833;6670;6622;6443;6269;6005;6023;5761;5785;5883;6056;6435;6703;7407;7758;8510;9743;11470;13273;13460;14243;14649;15013;15419;15584;15983;16562;17585;17631;18774;19874;20174;20905;21669;21863;22696;23695;25301;27067;27586;27987;27350;25670;24196;24645;25374;25355;24935;25471;24565;24131;24292;24247;25403;26401
"00 Sweden";"single";"44 years";"women";3994;3854;3623;3334;3413;3386;3340;3169;3139;3098;3141;3170;3404;3483;3834;4090;4236;4664;5501;6476;7271;7676;8284;8784;9603;10013;10269;10578;11262;11660;12149;13113;13762;14430;14988;15408;15983;16776;17890;19045;21201;21125;21618;21536;20161;19123;19523;20094;20181;19828;20293;19503;18891;18680;18968;19727;20776
"00 Sweden";"single";"45 years";"men";7596;7273;7128;6719;6554;6526;6342;6179;5890;5933;5654;5711;5755;5934;6327;6556;7261;7631;8311;9549;11256;12235;12959;13979;14367;14806;15144;15303;15694;16277;17308;17303;18442;19464;19808;20504;21243;21337;22116;23122;24608;26395;26762;27227;26582;25072;23584;24034;24704;24765;24306;24839;24031;23721;23879;23758;24827
"00 Sweden";"single";"45 years";"women";4196;3926;3811;3573;3286;3375;3353;3294;3125;3088;3054;3093;3141;3353;3444;3797;4026;4186;4586;5421;6373;6791;7440;8207;8680;9475;9898;10174;10451;11137;11530;11969;12925;13602;14246;14772;15147;15700;16494;17585;18599;20791;20634;21176;21037;19785;18728;19098;19698;19791;19393;19894;19188;18662;18361;18682;19399
"00 Sweden";"single";"46 years";"men";7620;7468;7172;7023;6611;6465;6431;6225;6067;5788;5839;5556;5603;5654;5836;6225;6462;7152;7465;8164;9391;10466;11818;12758;13748;14118;14580;14854;15053;15444;16010;17012;17012;18154;19141;19432;20073;20758;20904;21659;22529;24101;25717;26125;26496;25977;24484;23062;23453;24173;24255;23757;24372;23677;23298;23417;23194
"00 Sweden";"single";"46 years";"women";4346;4152;3880;3757;3502;3240;3321;3305;3249;3079;3037;3019;3047;3100;3308;3406;3749;3983;4130;4530;5354;5964;6600;7361;8132;8587;9357;9771;10039;10325;11005;11392;11820;12749;13443;14034;14540;14884;15464;16207;17309;18289;20383;20172;20725;20647;19395;18368;18741;19371;19450;19069;19596;18955;18401;18080;18405
"00 Sweden";"single";"47 years";"men";7976;7524;7383;7069;6904;6499;6358;6337;6112;5982;5714;5724;5467;5515;5565;5732;6131;6345;7025;7335;8016;8832;10143;11619;12539;13542;13919;14358;14617;14808;15203;15735;16706;16744;17874;18828;19042;19667;20341;20470;21178;22026;23489;25104;25503;25934;25450;23896;22550;22939;23641;23777;23271;24043;23316;22938;22938
"00 Sweden";"single";"47 years";"women";4647;4293;4091;3835;3719;3460;3202;3274;3255;3204;3032;3002;2981;3008;3073;3272;3366;3709;3938;4072;4479;5087;5830;6528;7289;8062;8492;9257;9657;9916;10223;10833;11232;11673;12591;13252;13817;14323;14658;15181;15891;17008;17925;19978;19727;20400;20276;19042;18035;18327;19052;19177;18799;19372;18695;18117;17808
"00 Sweden";"single";"48 years";"men";8164;7877;7430;7256;6966;6809;6398;6263;6249;6039;5889;5613;5637;5368;5451;5488;5652;6034;6222;6911;7220;7569;8566;9996;11415;12348;13374;13717;14163;14391;14578;14950;15473;16434;16469;17549;18436;18675;19309;19969;19983;20781;21537;22991;24525;25017;25337;24938;23357;22101;22508;23201;23333;22936;23690;22903;22512
"00 Sweden";"single";"48 years";"women";4794;4593;4240;4034;3783;3676;3417;3154;3232;3229;3176;2997;2961;2941;2969;3040;3250;3324;3660;3892;4013;4260;4975;5774;6456;7218;7977;8387;9166;9550;9799;10099;10696;11112;11562;12459;13047;13636;14144;14430;14940;15626;16693;17597;19566;19363;20014;19962;18693;17752;18011;18762;18887;18539;19090;18458;17881
"00 Sweden";"married";"15 years";"men";1;0;0;1;1;0;0;0;0;0;0;0;0;0;0;0;0;0;0;0;0;0;0;0;0;0;0;0;0;0;0;0;0;0;0;0;0;0;0;0;0;0;0;0;0;0;0;0;0;0;0;0;0;0;0;0;0
"00 Sweden";"married";"15 years";"women";20;5;9;15;18;20;11;3;16;21;6;6;11;7;4;2;0;2;0;3;1;2;2;2;3;0;2;3;1;0;3;2;2;2;2;0;0;0;0;1;1;1;0;0;0;2;0;0;0;0;0;0;0;0;0;0;0
"00 Sweden";"married";"16 years";"men";5;1;3;0;2;5;3;3;3;2;4;3;2;1;4;1;0;0;0;0;0;0;0;0;3;0;1;0;0;0;0;0;2;0;0;0;0;0;0;0;0;1;0;0;0;0;0;0;0;0;0;0;0;0;0;0;0
"00 Sweden";"married";"16 years";"women";184;44;59;45;64;50;60;42;48;71;63;37;53;54;38;22;9;8;17;9;17;11;16;12;12;10;11;10;10;8;8;7;5;9;9;3;3;1;1;3;4;2;1;2;1;1;3;1;0;0;0;0;0;0;0;0;0
"00 Sweden";"married";"17 years";"men";44;6;2;11;1;11;17;8;10;13;26;16;15;16;6;13;2;2;2;2;3;4;2;2;7;6;5;2;3;2;2;3;0;4;4;2;1;0;0;1;3;2;2;1;0;0;0;1;0;0;0;0;0;0;0;0;0
"00 Sweden";"married";"17 years";"women";1399;293;277;235;210;195;182;175;163;181;181;178;138;177;126;104;60;53;52;64;68;68;58;67;49;56;52;38;43;28;29;33;33;29;38;32;17;8;6;15;12;12;7;10;7;7;11;10;5;2;0;0;0;0;0;0;0
"00 Sweden";"married";"18 years";"men";348;75;71;40;46;40;68;61;76;86;65;81;75;71;60;58;47;46;33;33;29;38;53;37;25;42;37;32;26;26;33;33;28;42;45;40;27;25;38;39;39;72;44;37;25;29;26;15;23;11;11;14;6;5;4;6;6
"00 Sweden";"married";"18 years";"women";4305;1678;1355;1093;916;785;892;789;809;687;676;565;551;487;479;398;324;337;351;322;376;431;365;349;333;340;351;299;264;254;327;288;247;295;256;318;322;262;346;341;341;362;292;234;245;205;175;164;169;147;115;103;70;82;43;47;45
"00 Sweden";"married";"19 years";"men";1467;442;388;297;202;230;264;281;263;276;244;212;199;242;190;193;172;170;156;137;148;166;159;178;149;108;150;129;109;103;102;125;119;129;131;147;137;117;152;181;191;231;220;162;147;131;110;101;91;74;53;59;35;21;32;28;25
"00 Sweden";"married";"19 years";"women";10108;4854;4014;3153;2665;2241;2342;2290;2146;2018;1673;1571;1318;1269;1113;1062;993;929;916;955;927;1137;1129;1034;900;938;900;831;806;715;781;810;756;754;819;869;914;925;979;1086;1110;1147;1133;860;785;711;685;592;553;520;412;390;316;273;269;243;154
"00 Sweden";"married";"20 years";"men";2007;1651;1507;1116;939;748;769;785;820;713;660;592;504;472;525;421;431;431;402;417;407;441;455;410;383;348;333;317;284;273;261;232;282;301;318;318;343;327;362;410;458;433;538;431;364;314;317;278;266;217;162;153;123;80;84;121;82
"00 Sweden";"married";"20 years";"women";13104;10918;8895;7066;5919;5133;4810;4663;4589;4094;3567;3128;2863;2494;2323;2046;2024;1991;1820;1870;1938;2231;2259;2053;1835;1697;1733;1539;1379;1366;1330;1405;1398;1437;1443;1605;1637;1639;1778;1872;1946;2051;2038;1788;1519;1387;1334;1303;1225;1102;982;915;759;685;609;657;475
"00 Sweden";"married";"21 years";"men";5973;4943;4088;3328;2562;2189;1964;1818;1865;1749;1504;1246;1158;1078;993;937;819;929;962;895;938;1049;994;883;797;705;678;656;545;523;521;504;508;553;610;641;621;660;711;806;836;880;869;851;738;632;639;604;575;513;423;363;328;268;232;239;273
"00 Sweden";"married";"21 years";"women";20808;19288;16267;12996;10715;9307;8858;7926;7806;7154;6310;5470;4899;4529;3994;3747;3402;3474;3465;3275;3400;3956;3729;3486;3240;2952;2695;2577;2321;2080;2069;2010;2111;2170;2250;2321;2466;2477;2649;2743;2846;3039;2973;2869;2648;2334;2195;2127;2116;2070;1797;1640;1402;1269;1180;1157;1113
"00 Sweden";"married";"22 years";"men";12225;10772;8879;6984;5827;4568;4432;3904;3711;3341;3054;2630;2245;2106;1878;1697;1688;1613;1747;1790;1832;2155;1983;1753;1507;1419;1247;1137;1060;926;888;882;902;908;1019;1071;1070;1084;1244;1277;1377;1371;1432;1344;1331;1174;1119;1071;1068;1006;834;755;614;624;592;489;441
"00 Sweden";"married";"22 years";"women";29402;27400;25029;20926;17313;14538;13535;12645;11709;10905;9832;8857;7719;6923;6417;5769;5475;5172;5387;5432;5370;6373;6094;5328;5056;4658;4284;3782;3470;3213;2920;2915;2928;2986;3068;3170;3305;3387;3618;3791;3971;3989;4179;3889;3910;3600;3362;3209;3207;3099;3000;2607;2280;2074;1966;1903;1843
"00 Sweden";"married";"23 years";"men";19827;18152;15976;12933;10568;8929;7781;7126;6481;5981;5149;4731;4093;3638;3282;2928;2784;2777;2802;3063;3128;3789;3612;3102;2694;2361;2246;1957;1747;1639;1466;1391;1388;1394;1393;1624;1669;1658;1806;2053;2091;2151;2120;2113;1991;1911;1849;1749;1778;1641;1511;1282;1108;1011;1426;1068;903
"00 Sweden";"married";"23 years";"women";36165;35568;32778;29471;24968;21112;18680;17535;16765;14987;13794;12369;11532;10081;9163;8449;7802;7594;7388;7866;8045;9009;9090;8060;7224;6784;6366;5580;4967;4574;4247;3842;3919;3855;4009;4082;4246;4267;4641;4890;5047;5361;5265;5302;5157;5092;4768;4494;4617;4464;4198;4086;3345;3149;2968;2847;2821
"00 Sweden";"married";"24 years";"men";27469;25932;23695;20396;17137;14273;12748;11150;10454;9322;8276;7222;6706;5903;5252;4798;4276;4276;4230;4438;5040;5845;5818;5234;4426;3866;3451;3146;2794;2553;2350;2171;2102;2147;2073;2178;2295;2468;2629;2765;2965;3100;3167;2968;3043;2844;2775;2753;2732;2583;2327;2235;1767;1655;1719;2428;1728
"00 Sweden";"married";"24 years";"women";41319;40921;39903;36365;32917;28460;25053;22414;21249;19977;17811;16591;15089;14141;12444;11399;10726;10165;9863;9992;10865;12604;12239;11540;10261;9176;8722;7992;7111;6350;5858;5437;5111;5064;4978;5260;5347;5413;5614;6223;6527;6585;6854;6629;6914;6580;6770;6307;6287;6204;5886;5428;4988;4444;4288;4109;3968
"00 Sweden";"married";"25 years";"men";32470;33225;31000;27760;24435;20930;18525;16529;14881;13649;12101;10777;9595;9013;7982;7150;6680;6129;6180;6262;6684;8571;8444;7811;7166;6002;5414;4773;4337;3855;3602;3362;3172;2986;3087;3035;3248;3323;3647;3828;3988;4237;4490;4377;4116;4116;4176;4018;4050;3899;3654;3317;2929;2569;2571;2646;3599
"00 Sweden";"married";"25 years";"women";42948;44799;44191;42650;38984;35554;31727;28285;25718;24270;22663;20439;19260;17772;16712;14911;13861;13303;12623;12651;13142;16174;16169;14987;14207;12694;11612;10643;9844;8770;8046;7473;7156;6624;6498;6467;6834;6936;7090;7333;7951;8330;8508;8650;8643;8699;8551;8754;8434;8229;8005;7569;6547;6203;5876;5558;5418
"00 Sweden";"married";"26 years";"men";34898;37038;37370;34561;31114;27820;25000;22299;20363;17954;16392;14769;13255;12053;11414;10141;9342;8878;8213;8421;8681;10568;11590;10830;10050;9207;8024;6990;6219;5706;5169;4888;4761;4441;4225;4304;4191;4506;4888;5140;5344;5556;5797;5986;5872;5564;5689;5725;5741;5691;5323;5013;4189;3970;3827;3630;3788
"00 Sweden";"married";"26 years";"women";41646;45341;47159;46021;44296;40841;37857;34333;31141;28160;26553;24907;22655;21540;20077;18987;17349;16361;15687;15381;15499;18210;19849;18829;17592;16776;15251;13615;12645;11754;10730;10055;9551;8950;8470;8231;8225;8735;9057;9191;9515;10083;10439;10504;10935;10698;10991;10862;11355;10960;10547;10109;8931;8183;7959;7455;7209
"00 Sweden";"married";"27 years";"men";34095;38165;40171;40033;37194;33776;31025;28438;25832;23461;20533;18916;17272;15708;14389;13746;12380;11599;11210;10676;11108;12869;13788;14043;13290;12234;11504;9906;8800;7772;7335;6843;6677;6401;6006;5698;5885;5755;6333;6769;7028;7300;7360;7567;7818;7649;7486;7700;7903;7811;7533;7080;6244;5661;5567;5157;4862
"00 Sweden";"married";"27 years";"women";39023;43195;46755;48262;47070;45270;42328;39669;36555;33177;29989;28446;27018;24709;23494;22198;21098;19594;18795;18247;18234;20598;21626;22296;21363;19986;19306;17337;15515;14650;13736;12864;12426;11728;11071;10557;10306;10409;11038;11608;11648;11908;12383;12620;12968;13213;13249;13647;13789;14208;13593;12981;11612;10803;10321;9711;9222
"00 Sweden";"married";"28 years";"men";34808;36433;40312;41908;41754;39090;36334;33757;31599;28475;25892;22739;21316;19623;17865;16591;16081;14665;13893;13921;13361;15528;15897;16147;16483;15638;14477;13603;11859;10631;9568;9248;9044;8529;8356;7797;7630;7674;7905;8477;9134;8993;9587;9286;9810;9875;9933;9687;10287;10304;10209;9736;8546;7966;7790;7323;6721
"00 Sweden";"married";"28 years";"women";38309;40047;44229;47413;48848;47674;46065;43401;41231;38207;34567;31561;30080;28777;26356;25148;24028;23119;21774;21133;20793;23115;23537;23769;24522;23490;22368;21251;19286;17357;16590;15892;15475;14670;14189;13306;12892;12600;13058;13633;14409;14085;14570;14835;15104;15476;15804;15939;16729;16800;17240;16354;14762;13647;13373;12442;11753
"00 Sweden";"married";"29 years";"men";37226;36439;37867;41553;42935;43110;40874;38519;36170;33873;30535;28068;24746;23373;21730;19845;18626;18317;17000;16313;16503;17934;18337;18117;18402;18826;18017;16591;15628;13693;12540;11457;11617;11235;10661;10553;9953;9817;10049;10383;10913;11562;11383;11842;11521;12083;12369;12476;12394;12986;12928;12855;11488;10575;10469;9788;9232
"00 Sweden";"married";"29 years";"women";40393;38983;40713;44568;47663;48980;48078;46618;44332;42422;39316;35773;32804;31491;30099;27606;26737;25720;25021;23847;23305;25565;25846;25258;25601;26444;25601;24065;22849;20887;19018;18487;18365;17759;17057;16589;15801;15229;15378;15746;16408;17368;16785;17075;17422;17568;18080;18645;18936;19940;19834;20152;18221;16938;16509;15699;14750
"00 Sweden";"married";"30 years";"men";37319;38552;37577;38544;42190;43610;44329;42301;40469;37997;35539;32474;29932;26422;25078;23669;21822;20818;20604;19539;18981;21306;20775;20268;20172;20465;21255;20079;18548;17544;15551;14548;13924;13954;13639;13119;13094;12674;12544;12800;13014;13569;14433;13943;14447;13951;14683;15091;15652;15195;15818;15688;14825;13694;13439;12772;12077
"00 Sweden";"married";"30 years";"women";39495;40868;39388;40830;44567;47639;49103;48294;47384;45109;43245;40182;36716;33710;32427;31256;28883;28194;27417;26876;25944;28089;28004;27440;26818;27235;28420;27179;25734;24543;22477;20869;20920;20616;20195;19633;19387;18707;18149;18253;18707;19291;20268;19473;19811;19879;20245;20921;21825;22009;23043;22748;22032;20499;19954;18954;18272
"00 Sweden";"married";"31 years";"men";36663;38253;39351;37953;38680;42471;44103;45051;43594;41673;39307;36892;33800;31366;27749;26491;25199;23480;22703;22655;21818;23636;23845;22431;21919;21720;22361;22882;21707;20341;19282;17380;16746;15851;16225;15920;15479;15616;15332;15205;15356;15546;16075;16977;16310;16813;16587;17295;18118;18408;17881;18515;17538;17067;16581;15745;15088
"00 Sweden";"married";"31 years";"women";38268;39767;41121;39334;40637;44374;47445;49047;48606;47708;45465;43647;40732;37310;34333;33099;32128;29879;29350;28725;28496;30194;30004;29055;28491;27933;28500;29394;28169;26864;25679;23821;22662;22672;22571;22233;21824;21831;21220;20740;20879;21096;21738;22577;21866;21901;22177;22518;23704;24511;24660;25518;24436;24152;23301;22376;21362
"00 Sweden";"married";"32 years";"men";36352;37332;38877;39552;37997;38649;42667;44386;45843;44516;42562;40268;37956;34958;32375;28777;27834;26579;25022;24523;24729;26369;25975;25285;23778;23289;23383;23628;24274;23105;21883;21057;19459;18577;17792;18329;18205;17828;18357;18063;17745;17919;17920;18386;19486;18476;19227;19158;20077;20779;20917;20367;20397;19588;20061;18934;18118
"00 Sweden";"married";"32 years";"women";37819;38528;39939;41054;39084;40382;44082;47249;49044;48727;47732;45746;43930;41152;37611;34843;33683;32925;30736;30400;30122;32615;31886;30905;29860;29262;29042;29228;30147;28927;27855;26876;25453;23941;24165;24322;24225;23866;24177;23536;23026;23092;23121;23723;24625;23792;24054;24210;24967;26257;26823;26874;27042;26265;26733;25374;24638
"00 Sweden";"married";"33 years";"men";35648;36878;37674;38922;39457;37828;38488;42769;44891;46420;45035;43185;40956;38796;35769;33218;29703;28848;27832;26525;26054;28995;28385;27094;26420;24975;24662;24445;24654;25463;24351;23349;22904;21093;20300;19633;20445;20351;20384;21045;20583;19874;20183;20005;20615;21499;20705;21595;21695;22485;23246;23284;21884;22464;22379;22352;21178
"00 Sweden";"married";"33 years";"women";36521;38009;38595;39778;40717;38765;39997;43650;47106;48943;48662;47818;45783;44098;41410;37881;35120;34113;33502;31530;31435;33973;34119;32385;31391;30470;30055;29518;29720;30831;29601;28814;28181;26561;25153;25666;25952;26045;25893;26310;25744;24910;24844;24772;25583;26445;25604;25848;26361;27010;28302;28648;28068;28536;28547;28635;27253
"00 Sweden";"married";"34 years";"men";35024;36005;37183;37593;38686;39171;37547;38460;42904;45171;46683;45325;43604;41455;39361;36339;33797;30589;29822;28997;27866;30141;30848;29352;28034;27236;26074;25425;25190;25572;26410;25614;24846;24311;22654;21842;21455;22473;22698;22690;23463;22642;22022;22133;21980;22543;23746;22814;24036;23915;24650;25292;24591;23702;25080;24386;24334
"00 Sweden";"married";"34 years";"women";36652;36608;38127;38434;39446;40280;38345;39573;43468;46966;48718;48504;47763;45741;44081;41435;38014;35375;34605;34173;32389;35023;35236;34542;32690;31742;31226;30296;29736;30055;31278;30307;29779;28976;27547;26220;26906;27509;27765;27644;28377;27378;26590;26562;26398;26995;28120;27230;27724;28183;28840;29832;29599;29299;30467;30032;30182
"00 Sweden";"married";"35 years";"men";34834;35283;36259;37039;37295;38405;38921;37282;38386;42957;45225;46893;45541;43943;41763;39816;36824;34358;31309;30852;30183;31500;31751;31626;30069;28816;28224;26640;26019;25855;26340;27460;27006;26087;25674;24087;23271;23304;24500;24963;24871;25413;24741;23897;23972;23688;24601;25722;25036;26163;25899;26525;26490;25940;25910;26769;26038
"00 Sweden";"married";"35 years";"women";36184;36672;36599;37934;38076;39091;39804;37811;39294;43293;46731;48527;48202;47467;45505;44007;41465;38153;35668;35045;34794;35525;36165;35457;34771;32981;32185;31332;30483;29991;30286;31786;31047;30432;29646;28487;27319;28144;28998;29383;29365;30019;28952;27939;27960;27645;28395;29640;28981;29355;29686;30204;30515;30588;30907;31691;31384
"00 Sweden";"married";"36 years";"men";36414;35073;35439;36119;36658;36962;38019;38549;37312;38295;42912;45200;46950;45526;43996;41914;40136;37303;34864;31968;31885;33710;32891;32373;32105;30656;29750;28544;27001;26448;26345;27077;28523;27970;27138;26866;25407;24664;25112;26455;26833;26621;27150;26386;25546;25468;25422;26360;27915;26784;27920;27463;27490;27720;27827;27437;28156
"00 Sweden";"married";"36 years";"women";38391;36092;36645;36443;37529;37643;38645;39256;37489;38989;42936;46375;48274;47859;47115;45394;43909;41368;38216;35849;35472;37476;36386;36317;35423;34891;33342;32212;31295;30558;30054;30649;32322;31461;31084;30420;29275;28259;29397;30303;30853;30676;31395;30190;29210;29040;28878;29678;31150;30340;30596;30628;30737;31229;31854;31843;32782
"00 Sweden";"married";"37 years";"men";36733;36614;35160;35256;35747;36234;36615;37575;38315;37185;38031;42817;45110;46845;45537;43946;42023;40459;37770;35338;32670;35162;34884;33332;32677;32526;31182;29918;28838;27284;26773;26832;27895;29287;28883;28255;28113;26647;26094;26743;28129;28316;28153;28716;27854;26844;26982;26956;28233;29622;28363;29360;28147;28500;29396;29069;28480
"00 Sweden";"married";"37 years";"women";38660;38312;35946;36381;36017;37126;37151;38135;38868;37211;38599;42602;45996;47817;47449;46794;45182;43740;41328;38320;36153;37983;38139;36348;36174;35465;35084;33155;32117;31140;30465;30226;30991;32636;31915;31611;31146;30057;29308;30422;31516;31835;31737;32374;31226;30099;30147;29781;30978;32383;31381;31444;31017;31384;32217;32497;32678
"00 Sweden";"married";"38 years";"men";37430;36815;36673;34929;34912;35397;35825;36219;37395;38095;36928;37830;42638;44899;46601;45496;43876;42211;40660;38143;35927;35631;36157;35059;33470;32842;32968;31335;29902;29014;27493;27081;27431;28375;29916;29659;29170;29253;27953;27501;28218;29356;29604;29423;30141;29052;28278;28320;28590;29650;30991;29478;30033;29087;29935;30374;30042
"00 Sweden";"married";"38 years";"women";39408;38555;38188;35708;35952;35603;36648;36601;37671;38494;36841;38285;42203;45552;47326;46993;46409;44938;43609;41286;38382;38239;38520;38074;36139;36030;35527;34880;32948;32056;31064;30496;30324;31128;32898;32223;32154;31777;30889;30171;31327;32363;32708;32570;33298;32017;30869;30906;30807;31855;33246;32130;31719;31427;32158;32756;33126
"00 Sweden";"married";"39 years";"men";36874;37606;36859;36471;34564;34513;34970;35368;35953;37119;37722;36687;37605;42359;44586;46285;45348;43828;42261;40920;38529;38730;36457;36197;35030;33530;33178;32899;31337;29958;29154;27718;27490;27709;28798;30463;30447;30037;30427;29198;28757;29371;30440;30639;30568;31265;30281;29431;29718;29738;30855;31910;29903;30682;30318;30657;31200
"00 Sweden";"married";"39 years";"women";38720;39486;38463;37899;35344;35495;35148;36164;36206;37260;38079;36465;37918;41771;45066;46748;46568;46021;44691;43445;41310;40225;38691;38224;37699;35970;36004;35271;34564;32770;31979;30952;30501;30354;31236;33068;32643;32644;32314;31667;30967;31968;33080;33314;33312;33860;32722;31503;31808;31616;32584;33814;32269;31936;32074;32548;33256
"00 Sweden";"married";"40 years";"men";38386;36948;37608;36615;36066;34144;34116;34504;35034;35666;36840;37469;36452;37276;42015;44291;46139;45317;43931;42407;41364;41179;39501;36515;36159;35155;33750;33191;32941;31472;30089;29401;28170;27962;28251;29452;31371;31436;31294;31833;30471;29969;30664;31515;31941;31614;32551;31572;30858;30953;30726;31849;32288;30571;31758;31067;31398
"00 Sweden";"married";"40 years";"women";40425;38642;39319;38174;37486;34909;34989;34618;35759;35878;36846;37666;36047;37507;41350;44571;46286;46266;45819;44520;43467;42839;40683;38485;38010;37544;35955;35714;35082;34399;32583;32004;31085;30605;30532;31534;33628;33351;33446;33274;32600;31826;32842;33946;34294;34073;34637;33602;32524;32728;32304;33196;34005;32507;32590;32553;33047
"00 Sweden";"married";"41 years";"men";38045;38328;36848;37289;36207;35668;33679;33626;34149;34727;35379;36530;37146;36176;36901;41707;43977;45905;45112;43932;42566;43605;41769;39452;36370;36002;35182;33510;32980;32764;31411;30125;29568;28373;28257;28558;29854;31943;32252;32208;32732;31195;30712;31351;32424;32572;32573;33523;32754;31815;31704;31316;32033;32742;31447;32216;31450
"00 Sweden";"married";"41 years";"women";39916;40266;38529;38951;37798;37099;34335;34482;34241;35324;35443;36415;37202;35572;36975;40895;44087;45821;45939;45527;44352;44756;43065;40331;38086;37679;37349;35538;35366;34692;34062;32403;31870;30961;30531;30481;31642;33693;33640;33762;33827;33046;32087;33196;34468;34616;34484;35090;34137;33059;33214;32552;33207;34029;32924;32765;32819
"00 Sweden";"married";"42 years";"men";39216;37937;38273;36593;36862;35840;35165;33264;33203;33781;34406;35048;36147;36751;35740;36520;41403;43711;45673;44960;44000;44459;44090;41495;39160;36097;35975;34890;33263;32800;32631;31409;30222;29575;28445;28381;28837;30293;32520;33057;32925;33291;31787;31292;32028;33067;33407;33354;34580;33471;32487;32249;31448;32291;33512;31844;32544
"00 Sweden";"married";"42 years";"women";40920;39737;40064;38172;38483;37335;36590;33780;34032;33812;34951;35027;35986;36709;35211;36451;40432;43658;45381;45552;45299;45415;44810;42687;39875;37769;37492;36842;35166;35019;34334;33782;32202;31628;30821;30363;30542;31662;33853;33996;34110;34199;33283;32369;33479;34632;34876;34828;35573;34466;33306;33446;32434;33255;34284;32984;32894
"00 Sweden";"married";"43 years";"men";40745;39098;37877;37958;36146;36433;35288;34654;32890;32878;33423;34049;34651;35713;36342;35318;36190;40994;43460;45432;44965;45784;44831;43822;41181;38944;35961;35654;34695;33035;32586;32540;31355;30170;29631;28547;28598;29140;30778;33103;33671;33491;33721;32286;31758;32546;33781;34087;34172;35278;34036;32928;32272;31646;32829;33781;32017
"00 Sweden";"married";"43 years";"women";42142;40656;39543;39738;37786;38079;36805;36084;33377;33665;33415;34599;34592;35531;36270;34793;35961;40043;43246;44981;45390;46112;45405;44351;42184;39453;37517;37093;36388;34761;34643;34025;33524;31948;31442;30602;30329;30542;31882;34021;34256;34299;34342;33422;32694;33573;34804;35147;35224;35858;34593;33328;33309;32413;33491;34192;33025
"00 Sweden";"married";"44 years";"men";41164;40614;38924;37521;37544;35711;35931;34810;34294;32568;32506;33029;33703;34302;35369;35993;34898;35992;40723;43147;45372;46369;45948;44444;43390;40864;38831;35565;35391;34400;32830;32428;32418;31221;30123;29650;28641;28824;29551;31335;33589;34036;33881;34092;32725;32125;33021;34394;34834;34801;35763;34401;32937;32299;32069;32998;33865
"00 Sweden";"married";"44 years";"women";42788;41841;40429;39186;39289;37366;37548;36207;35617;33040;33253;33048;34164;34223;35104;35771;34334;35519;39647;42872;44750;46105;46056;44916;43823;41747;39156;37029;36681;35991;34491;34351;33751;33230;31707;31255;30500;30266;30578;31913;34198;34453;34361;34437;33598;32677;33665;34997;35396;35360;35937;34588;33128;33121;32461;33512;34267
"00 Sweden";"married";"45 years";"men";42508;41017;40464;38583;37186;37127;35156;35374;34372;33925;32219;32174;32658;33360;33852;34927;35564;34549;35716;40502;43051;46559;46494;45581;44012;43011;40586;38469;35187;35121;34146;32648;32405;32281;31080;30037;29657;28767;29171;29949;31706;33958;34419;34224;34521;33020;32620;33592;35001;35283;35211;36064;34380;32987;32629;32226;33100
"00 Sweden";"married";"45 years";"women";43392;42501;41572;40032;38738;38844;36810;37006;35742;35241;32639;32841;32682;33774;33772;34620;35325;33989;35207;39303;42573;45312;45948;45578;44317;43371;41436;38631;36567;36277;35564;34175;34136;33438;32953;31481;31072;30432;30232;30595;32151;34317;34533;34416;34663;33596;32765;33826;35213;35579;35475;35938;34351;32970;33214;32398;33469
"00 Sweden";"married";"46 years";"men";42684;42275;40833;40141;38136;36786;36621;34695;34961;34027;33567;31844;31812;32318;32932;33378;34545;35220;34296;35433;40371;44022;46630;46082;45056;43656;42668;40148;38046;34921;34800;33879;32448;32188;32166;30985;30075;29677;29043;29457;30290;31967;34182;34664;34652;34768;33411;32954;34159;35334;35633;35398;36029;34342;33301;32665;32215
"00 Sweden";"married";"46 years";"women";43707;43109;42220;41151;39576;38310;38265;36278;36562;35344;34835;32262;32510;32299;33337;33360;34224;34966;33660;34882;39049;43074;45137;45480;44991;43911;42960;40977;38207;36111;35870;35228;33882;33800;33186;32719;31312;30896;30402;30258;30651;32174;34351;34576;34551;34654;33644;32892;34078;35313;35628;35470;35632;34158;32985;33109;32331
"00 Sweden";"married";"47 years";"men";46038;42495;42008;40484;39708;37750;36223;36115;34290;34615;33689;33210;31477;31435;31910;32544;33016;34167;34881;34070;35292;41060;43969;46173;45585;44623;43280;42122;39729;37645;34604;34530;33684;32278;31943;31993;30934;30052;29741;29260;29680;30513;32160;34351;34908;34787;34985;33795;33367;34554;35601;35783;35381;35990;34570;33200;32585
"00 Sweden";"married";"47 years";"women";46817;43374;42719;41816;40630;39095;37705;37669;35846;36096;34927;34381;31874;32115;31875;32863;32898;33843;34603;33382;34621;39372;42935;44642;45013;44586;43560;42490;40559;37793;35766;35552;34892;33611;33561;32911;32520;31200;30806;30368;30321;30709;32200;34285;34599;34432;34588;33695;33032;34296;35262;35490;35216;35395;34149;32813;33019
"00 Sweden";"married";"48 years";"men";49291;45799;42258;41581;40033;39279;37230;35716;35753;33961;34227;33365;32854;31115;31048;31541;32149;32708;33833;34587;33963;35861;41022;43571;45706;45144;44181;42829;41710;39345;37257;34308;34345;33443;32078;31714;31885;30874;30114;29832;29450;29722;30619;32220;34550;34978;35135;35298;34273;33657;34636;35649;35651;35299;36127;34600;33142
"00 Sweden";"married";"48 years";"women";49666;46416;43031;42263;41260;40140;38491;37100;37189;35422;35651;34527;33987;31492;31718;31472;32502;32590;33518;34204;33122;34924;39189;42511;44164;44513;44181;43152;41992;40134;37421;35496;35283;34581;33348;33283;32686;32305;31110;30782;30443;30269;30743;32148;34294;34562;34390;34638;33958;33044;34326;35246;35265;35054;35385;33969;32688
"00 Sweden";"widowers/widows";"15 years";"men";46;0;0;0;0;0;0;0;0;0;0;0;0;0;0;0;0;0;0;0;0;0;0;0;0;0;0;0;0;0;0;0;0;0;0;0;0;0;0;0;0;0;0;0;0;0;0;0;0;0;0;0;0;0;0;0;0
"00 Sweden";"widowers/widows";"15 years";"women";24;0;0;0;0;0;0;0;0;0;0;0;0;0;0;0;0;0;0;0;0;0;0;0;0;0;0;0;0;0;0;0;0;0;0;0;0;0;0;0;0;0;0;0;0;0;0;0;0;0;0;0;0;0;0;0;0
"00 Sweden";"widowers/widows";"16 years";"men";44;0;0;0;0;0;0;0;0;0;0;0;0;0;0;0;0;0;0;0;0;0;0;0;0;0;0;0;0;0;0;0;0;0;0;0;0;0;0;0;0;0;0;0;0;0;0;0;0;0;0;0;0;0;0;0;0
"00 Sweden";"widowers/widows";"16 years";"women";19;0;0;0;0;0;0;0;0;0;0;0;0;0;0;0;0;0;0;0;0;0;0;0;0;0;0;0;0;0;0;0;0;0;0;0;0;0;0;0;0;0;0;0;0;0;0;0;0;0;0;0;0;0;0;0;0
"00 Sweden";"widowers/widows";"17 years";"men";44;0;0;0;0;0;0;0;0;0;0;0;0;0;0;0;1;0;0;0;0;0;0;0;0;0;0;0;0;0;0;0;0;0;0;0;0;0;0;0;0;0;0;0;0;0;0;0;0;0;0;0;0;0;0;0;0
"00 Sweden";"widowers/widows";"17 years";"women";22;1;0;0;0;0;0;0;0;0;0;0;0;0;0;0;0;0;0;0;0;0;0;0;0;0;0;0;0;0;0;0;0;0;0;0;0;0;0;0;0;0;1;0;0;0;0;0;0;0;0;0;0;0;0;0;0
"00 Sweden";"widowers/widows";"18 years";"men";73;0;0;0;0;0;0;0;0;0;0;0;0;0;0;0;0;0;0;0;0;0;0;0;0;0;0;0;0;0;0;0;0;0;0;0;0;0;0;0;0;0;0;0;0;0;0;0;0;0;0;0;0;0;0;0;0
"00 Sweden";"widowers/widows";"18 years";"women";31;0;0;0;1;0;1;0;0;2;0;0;0;1;0;0;0;0;0;0;0;0;0;0;0;0;0;0;0;1;0;0;0;0;0;0;0;0;0;0;1;0;0;1;0;0;1;1;0;0;0;0;0;0;0;0;0
"00 Sweden";"widowers/widows";"19 years";"men";69;0;0;1;0;0;0;1;0;0;0;0;0;1;0;0;0;0;0;0;0;0;0;0;0;0;0;0;0;0;0;0;0;0;0;0;0;0;0;0;0;1;0;0;0;0;0;0;0;0;0;0;0;0;0;0;0
"00 Sweden";"widowers/widows";"19 years";"women";36;6;0;1;1;3;3;5;1;1;4;0;0;2;1;1;1;0;1;0;0;1;1;0;0;1;0;0;0;0;2;1;0;1;0;2;1;0;1;1;1;4;0;0;1;0;0;1;1;1;0;0;0;0;0;0;0
"00 Sweden";"widowers/widows";"20 years";"men";1;0;0;0;3;0;0;1;2;0;0;0;0;0;1;0;0;1;1;0;0;0;0;0;0;0;0;0;0;1;0;0;0;0;0;0;0;0;0;0;0;1;1;0;0;0;0;0;0;1;0;0;0;0;0;0;0
"00 Sweden";"widowers/widows";"20 years";"women";17;12;10;3;3;6;6;6;9;3;3;7;4;0;4;2;1;1;0;1;2;0;0;3;1;1;3;0;1;2;1;2;3;1;2;1;1;1;1;2;2;4;5;1;3;1;1;0;5;2;1;0;0;1;0;0;0
"00 Sweden";"widowers/widows";"21 years";"men";1;3;0;1;0;4;1;0;1;2;0;0;0;0;0;1;0;0;1;1;0;0;0;0;0;0;0;0;1;0;2;0;1;0;0;0;1;0;0;1;0;1;1;2;1;0;0;1;1;0;1;0;0;0;0;0;0
"00 Sweden";"widowers/widows";"21 years";"women";33;29;24;15;12;13;11;18;8;17;5;5;12;10;1;7;3;3;9;1;5;3;3;1;4;2;1;5;0;2;3;2;6;3;1;5;1;1;4;4;3;1;6;10;3;6;2;2;2;7;3;3;0;0;2;0;0
"00 Sweden";"widowers/widows";"22 years";"men";3;6;3;0;2;1;5;2;3;1;3;0;0;0;0;1;1;0;0;2;1;1;0;1;1;0;0;0;0;1;0;1;0;1;0;0;1;1;0;0;1;4;4;2;7;1;1;0;1;1;0;1;0;0;1;0;0
"00 Sweden";"widowers/widows";"22 years";"women";54;48;43;33;20;22;18;14;25;19;24;8;10;18;15;8;10;7;7;11;6;12;3;3;1;9;4;3;4;2;5;3;4;8;4;2;7;3;4;7;6;5;10;7;15;7;10;6;5;5;7;4;3;1;0;2;0
"00 Sweden";"widowers/widows";"23 years";"men";5;5;4;6;2;3;2;2;2;7;1;5;2;0;1;0;1;1;3;1;3;2;2;1;1;2;0;0;2;0;1;0;1;0;2;0;2;2;2;0;1;1;8;6;6;7;2;1;0;1;1;0;1;0;0;1;0
"00 Sweden";"widowers/widows";"23 years";"women";77;80;74;62;50;34;30;35;33;32;22;30;13;14;27;22;9;13;10;12;14;8;17;9;8;1;14;4;4;3;6;7;2;3;9;5;2;9;15;6;14;12;11;14;9;14;12;11;11;8;5;9;6;4;2;4;2
"00 Sweden";"widowers/widows";"24 years";"men";11;11;9;12;10;4;7;2;5;4;6;4;4;4;3;1;1;2;1;3;3;3;3;3;5;1;2;1;1;2;1;2;0;1;1;3;0;3;5;3;0;3;3;10;7;5;8;4;2;1;3;1;0;2;0;0;1
"00 Sweden";"widowers/widows";"24 years";"women";97;98;105;98;82;61;46;38;54;47;38;28;45;18;23;31;26;14;20;14;17;19;15;19;17;11;10;19;11;6;6;11;11;7;4;9;9;3;11;20;13;19;16;18;21;16;17;17;19;17;10;7;10;7;4;4;4
"00 Sweden";"widowers/widows";"25 years";"men";26;27;27;15;16;15;10;11;6;5;6;9;4;6;7;1;3;4;2;3;3;7;4;4;5;5;5;6;3;0;3;3;3;1;1;1;3;1;5;7;3;7;8;5;10;9;6;10;4;2;1;4;1;1;2;1;1
"00 Sweden";"widowers/widows";"25 years";"women";128;131;119;132;128;104;82;62;50;63;63;54;42;48;30;34;42;36;14;24;23;24;33;21;23;25;18;12;21;13;12;9;15;17;11;8;9;11;9;17;22;19;18;25;26;27;21;24;30;21;22;13;8;16;13;5;5
"00 Sweden";"widowers/widows";"26 years";"men";30;32;37;31;28;26;16;16;13;12;8;10;7;5;10;8;1;5;9;7;5;8;7;9;7;8;7;8;6;4;2;5;3;3;2;2;4;3;5;9;8;6;10;13;6;11;8;5;13;5;3;5;5;1;3;3;1
"00 Sweden";"widowers/widows";"26 years";"women";137;157;176;147;175;138;129;108;81;63;73;71;69;52;57;39;44;43;49;24;45;32;31;44;29;29;33;29;19;25;21;17;19;24;19;15;14;15;16;13;25;22;26;31;35;34;36;30;30;35;26;24;12;7;21;13;7
"00 Sweden";"widowers/widows";"27 years";"men";31;35;42;46;40;30;30;19;20;17;15;16;15;8;5;15;9;2;10;9;9;10;15;8;13;9;10;6;11;7;4;3;8;4;4;5;3;3;10;10;9;11;10;11;14;8;12;10;6;16;6;5;6;5;2;4;3
"00 Sweden";"widowers/widows";"27 years";"women";165;168;193;201;183;212;171;154;142;117;87;88;82;87;62;62;49;56;48;61;36;46;43;45;59;44;39;41;38;27;28;29;23;23;28;25;20;15;22;20;19;36;25;39;36;37;37;50;39;41;42;30;31;18;14;20;17
"00 Sweden";"widowers/widows";"28 years";"men";38;39;46;49;57;45;39;35;30;25;25;26;20;17;11;11;15;11;9;16;13;11;12;18;11;17;11;13;7;16;7;5;9;8;7;7;8;5;8;9;15;10;14;15;17;16;9;11;13;7;17;8;7;5;6;6;4
"00 Sweden";"widowers/widows";"28 years";"women";163;189;193;242;241;213;232;182;164;168;130;95;106;88;93;80;81;63;71;60;69;46;61;49;52;75;56;43;51;40;34;33;38;26;30;32;29;31;27;35;36;27;41;41;42;44;50;46;64;51;47;50;37;39;22;18;29
"00 Sweden";"widowers/widows";"29 years";"men";37;47;60;66;68;74;62;45;47;43;37;27;29;28;17;15;14;19;15;14;20;16;17;11;23;15;22;21;14;10;21;12;6;10;9;12;10;9;14;14;11;16;14;15;17;22;18;9;14;15;8;18;9;4;8;7;7
"00 Sweden";"widowers/widows";"29 years";"women";177;188;227;227;276;278;248;259;211;189;203;155;116;118;109;110;97;97;82;85;70;84;58;79;58;62;87;66;59;64;50;45;45;40;32;41;42;34;46;34;43;45;40;47;55;58;55;62;68;78;61;56;55;42;49;25;24
"00 Sweden";"widowers/widows";"30 years";"men";55;34;53;64;75;75;79;79;57;64;52;40;36;31;35;21;17;16;20;21;23;20;23;20;15;27;22;27;28;19;14;23;15;11;11;13;17;11;12;13;16;15;19;16;20;19;28;22;11;18;17;12;20;11;8;7;7
"00 Sweden";"widowers/widows";"30 years";"women";219;212;220;270;263;306;315;279;286;255;232;231;183;143;136;133;128;111;111;99;100;87;102;68;88;78;79;109;80;75;80;55;54;57;41;37;48;51;46;55;40;50;62;54;69;74;66;65;73;81;94;75;65;61;56;51;32
"00 Sweden";"widowers/widows";"31 years";"men";49;71;48;64;74;91;87;95;88;70;68;61;50;39;42;40;24;24;22;25;27;24;24;22;23;22;27;29;35;29;24;16;22;17;11;12;18;17;17;18;16;18;21;23;18;25;23;28;26;11;19;19;15;25;13;11;8
"00 Sweden";"widowers/widows";"31 years";"women";261;262;239;261;300;312;338;358;318;316;290;270;251;201;161;154;157;146;132;129;116;113;117;136;83;99;100;93;122;90;88;83;67;68;64;50;44;49;70;58;68;60;65;76;68;78;89;75;75;91;88;106;79;71;74;65;59
"00 Sweden";"widowers/widows";"32 years";"men";55;60;74;59;78;81;95;99;108;102;86;79;63;59;46;51;44;31;29;23;29;31;32;33;31;28;25;31;35;36;37;28;18;29;16;17;14;22;18;18;27;20;22;21;26;21;26;29;31;31;19;22;25;17;29;19;12
"00 Sweden";"widowers/widows";"32 years";"women";284;306;304;275;302;344;349;374;395;364;370;318;299;290;235;189;180;171;170;151;144;137;134;142;155;112;123;111;108;139;101;107;98;75;80;90;74;56;70;88;75;85;71;84;99;78;102;110;98;89;110;106;118;91;82;79;73
"00 Sweden";"widowers/widows";"33 years";"men";84;79;81;87;67;87;91;113;109;118;113;94;86;73;63;56;58;48;36;36;30;35;39;33;41;42;33;27;38;37;44;42;30;22;34;24;23;23;29;22;22;28;23;26;27;34;26;34;31;39;36;21;30;27;19;30;23
"00 Sweden";"widowers/widows";"33 years";"women";282;326;346;352;324;331;384;377;405;439;403;402;362;324;311;259;221;208;196;186;180;158;170;149;162;168;131;140;123;125;154;118;121;113;88;87;105;86;83;76;105;91;117;86;100;113;101;124;132;113;120;118;114;129;104;93;91
"00 Sweden";"widowers/widows";"34 years";"men";82;94;84;89;93;83;100;96;120;117;124;125;115;92;82;65;67;70;58;46;41;39;42;53;43;42;47;47;37;47;43;50;51;40;28;36;28;28;31;33;29;27;36;30;27;31;39;29;43;31;43;48;31;32;32;28;38
"00 Sweden";"widowers/widows";"34 years";"women";335;326;367;398;411;375;381;414;418;456;487;455;444;412;356;334;280;238;224;212;215;202;182;194;177;189;185;159;154;137;146;173;133;136;134;110;104;111;107;96;91;128;108;138;106;124;129;124;145;155;126;143;139;124;142;106;110
"00 Sweden";"widowers/widows";"35 years";"men";98;86;102;96;108;120;87;105;112;132;136;135;132;125;109;96;75;81;81;63;53;59;44;46;63;53;50;49;53;43;51;55;47;55;52;37;39;34;37;37;35;37;33;43;35;32;34;45;32;45;40;48;51;39;32;36;37
"00 Sweden";"widowers/widows";"35 years";"women";339;377;375;410;459;461;423;424;462;459;504;537;494;489;450;389;381;309;257;261;235;238;215;205;217;205;214;210;176;175;154;162;195;152;161;146;127;122;144;129;126;117;156;133;172;131;141;148;156;168;171;147;163;142;149;154;132
"00 Sweden";"widowers/widows";"36 years";"men";109;105;94;129;120;118;135;97;124;125;142;156;147;142;127;121;103;86;92;97;72;70;62;59;57;71;56;62;57;66;51;59;66;52;58;57;37;42;40;43;41;41;43;41;50;43;39;39;41;42;49;48;51;56;44;41;43
"00 Sweden";"widowers/widows";"36 years";"women";453;395;428;408;475;503;510;478;479;536;510;558;598;544;541;488;428;422;347;292;312;270;276;252;237;246;233;234;242;205;185;179;186;221;165;178;166;157;146;170;145;159;140;175;161;196;161;164;182;171;199;193;164;188;159;159;175
"00 Sweden";"widowers/widows";"37 years";"men";136;132;120;107;137;130;127;145;112;139;144;156;170;168;162;148;138;116;98;102;106;90;79;70;68;69;75;66;72;59;65;63;62;72;65;69;70;43;54;53;48;49;50;55;47;62;58;49;41;48;46;51;57;54;66;54;51
"00 Sweden";"widowers/widows";"37 years";"women";488;514;450;487;476;531;568;564;542;520;597;562;605;666;597;599;523;479;451;380;328;335;310;315;281;259;287;257;261;271;231;217;209;206;236;190;202;190;188;176;194;172;178;156;201;180;214;181;181;208;203;222;210;178;209;173;186
"00 Sweden";"widowers/widows";"38 years";"men";210;154;158;152;123;164;148;131;162;121;153;156;169;187;179;168;173;152;128;114;122;117;105;91;83;84;86;83;73;85;66;69;72;71;87;71;83;80;54;65;65;65;55;62;63;53;70;62;57;41;58;53;59;64;57;70;62
"00 Sweden";"widowers/widows";"38 years";"women";702;570;588;520;550;553;594;639;622;624;568;639;612;661;720;650;654;579;535;484;418;365;368;342;348;331;297;323;282;284;293;260;243;233;240;265;221;223;224;227;205;216;195;203;188;215;208;234;201;215;251;226;248;237;198;218;193
"00 Sweden";"widowers/widows";"39 years";"men";200;154;177;183;167;133;183;171;145;169;138;162;183;178;207;195;183;184;164;142;137;134;132;112;102;97;97;101;85;84;98;69;75;77;83;99;76;83;90;66;68;72;65;69;79;70;63;73;74;65;48;72;58;72;67;68;73
"00 Sweden";"widowers/widows";"39 years";"women";697;669;636;660;573;619;618;661;697;692;687;625;697;677;723;798;702;711;636;581;525;460;416;421;384;392;384;339;357;306;315;334;286;272;256;267;293;243;256;256;248;233;237;229;231;211;248;235;256;235;243;290;252;284;256;219;230
"00 Sweden";"widowers/widows";"40 years";"men";170;190;177;206;192;182;151;198;188;162;181;152;181;189;193;239;222;200;205;175;162;153;155;147;119;122;118;106;117;95;93;99;83;84;86;95;104;92;94;95;69;81;84;71;81;90;79;71;84;82;76;55;75;59;77;71;79
"00 Sweden";"widowers/widows";"40 years";"women";809;756;752;716;754;649;704;684;722;758;758;747;689;776;736;793;856;768;761;691;638;580;507;449;474;430;439;415;373;385;334;343;362;322;299;289;287;318;274;278;285;283;265;259;256;269;239;271;262;292;276;282;322;277;307;271;240
"00 Sweden";"widowers/widows";"41 years";"men";192;199;221;207;226;213;198;176;213;200;180;208;172;192;208;208;267;250;230;218;201;189;164;170;168;141;139;131;115;117;111;103;112;90;97;99;106;110;101;110;106;83;94;92;76;104;95;92;84;95;96;83;64;89;66;83;82
"00 Sweden";"widowers/widows";"41 years";"women";878;900;863;861;813;842;756;784;763;801;834;831;816;751;843;789;861;930;837;827;774;688;638;556;503;531;474;473;448;413;419;362;384;396;359;323;334;330;363;302;312;322;312;300;295;307;315;292;307;301;328;303;294;354;310;347;298
"00 Sweden";"widowers/widows";"42 years";"men";239;215;221;246;235;245;233;218;195;238;210;204;228;192;218;240;229;287;275;259;247;214;210;191;192;188;158;160;146;129;131;131;119;132;100;99;109;119;131;113;119;120;99;108;103;82;112;103;111;100;106;105;95;69;91;77;97
"00 Sweden";"widowers/widows";"42 years";"women";993;993;1009;987;972;931;936;854;882;870;891;919;916;893;812;894;857;939;998;904;908;828;738;679;614;549;593;541;513;493;463;459;406;411;441;395;344;378;381;416;335;349;355;349;341;341;343;349;345;347;352;355;329;333;379;336;377
"00 Sweden";"widowers/widows";"43 years";"men";276;280;240;254;296;270;274;264;239;232;259;231;231;253;216;243;244;262;310;303;280;258;243;234;221;212;212;179;169;165;148;149;145;132;147;112;109;125;130;138;123;137;132;109;121;116;90;129;110;127;106;118;120;101;82;103;87
"00 Sweden";"widowers/widows";"43 years";"women";1135;1120;1117;1117;1090;1076;1029;1007;940;987;945;977;1016;993;971;879;975;940;1035;1089;975;961;904;826;746;681;609;650;593;563;545;504;504;449;443;485;421;380;433;416;469;366;387;387;388;377;398;404;404;398;402;397;392;361;368;405;373
"00 Sweden";"widowers/widows";"44 years";"men";321;320;325;265;293;313;299;301;302;265;266;287;250;270;298;233;263;261;286;338;336;296;284;267;258;246;242;231;211;181;186;175;173;162;141;154;113;125;140;140;159;143;144;147;125;133;129;104;145;122;136;119;135;139;113;102;116
"00 Sweden";"widowers/widows";"44 years";"women";1269;1286;1252;1259;1246;1211;1198;1147;1119;1034;1091;1032;1071;1111;1086;1053;962;1054;1023;1135;1182;1048;1038;983;899;825;741;654;695;651;608;588;567;562;500;484;519;467;444;469;444;530;411;431;435;429;434;440;468;454;438;454;440;434;396;406;443
"00 Sweden";"widowers/widows";"45 years";"men";373;361;362;356;289;331;352;341;347;339;288;282;304;276;295;327;251;298;281;320;362;361;341;310;284;279;272;260;268;232;208;203;187;180;175;162;173;123;140;157;172;173;158;162;181;142;152;136;120;168;135;153;137;156;152;123;118
"00 Sweden";"widowers/widows";"45 years";"women";1380;1446;1421;1383;1422;1404;1345;1337;1273;1233;1152;1199;1140;1141;1211;1187;1151;1037;1135;1112;1235;1294;1126;1134;1073;985;894;819;718;751;710;667;634;614;608;538;539;559;516;494;530;493;571;461;470;488;471;482;496;529;521;483;505;483;474;440;446
"00 Sweden";"widowers/widows";"46 years";"men";397;425;419;413;400;345;368;386;365;385;383;316;320;324;305;333;357;276;322;313;361;385;386;392;353;326;309;299;288;289;252;236;217;217;208;192;167;191;139;159;168;192;184;161;176;193;163;170;146;143;185;160;162;151;161;154;132
"00 Sweden";"widowers/widows";"46 years";"women";1746;1580;1614;1605;1561;1582;1568;1507;1474;1397;1358;1278;1307;1255;1289;1306;1290;1252;1128;1250;1204;1326;1407;1224;1247;1172;1080;979;907;804;805;775;724;703;676;664;594;588;625;571;560;571;552;630;523;521;533;543;542;563;579;568;533;554;513;499;476
"00 Sweden";"widowers/widows";"47 years";"men";542;442;478;467;462;431;400;414;423;410;413;418;348;342;356;334;345;378;319;341;334;385;432;434;424;396;369;340;337;310;310;285;261;236;234;230;211;179;206;153;183;179;206;195;185;203;210;179;190;163;161;207;179;179;163;172;173
"00 Sweden";"widowers/widows";"47 years";"women";1967;1934;1819;1794;1796;1751;1745;1755;1640;1639;1538;1508;1417;1439;1377;1416;1425;1418;1356;1243;1365;1301;1433;1515;1309;1358;1257;1182;1054;988;870;874;853;796;767;747;726;653;647;691;614;619;623;600;699;594;589;585;617;630;659;628;629;588;591;554;544
"00 Sweden";"widowers/widows";"48 years";"men";638;598;509;559;525;491;488;446;453;455;455;438;454;386;381;381;387;374;427;369;378;356;429;473;484;470;439;405;387;376;343;343;307;291;255;267;245;234;204;216;175;195;191;218;220;201;215;227;193;210;175;182;218;194;186;176;181
"00 Sweden";"widowers/widows";"48 years";"women";2396;2207;2147;2029;2012;1995;1948;1945;1957;1825;1813;1701;1662;1555;1568;1523;1550;1538;1505;1497;1371;1478;1434;1529;1625;1433;1474;1392;1282;1140;1073;944;951;925;860;849;800;800;704;721;760;681;678;690;658;756;659;658;650;699;701;712;685;680;642;634;599
"00 Sweden";"divorced";"15 years";"men";0;0;0;0;0;0;0;0;0;0;0;0;0;0;0;0;0;0;0;0;0;0;0;0;0;0;0;0;0;0;0;0;0;0;0;0;0;0;0;0;0;0;0;0;0;0;0;0;0;0;0;0;0;0;0;0;0
"00 Sweden";"divorced";"15 years";"women";0;0;0;0;0;0;0;0;0;0;0;0;0;0;0;0;0;0;0;0;0;0;0;0;0;0;0;0;0;0;0;0;0;0;0;0;0;0;0;0;0;0;0;0;0;0;0;0;0;0;0;0;0;0;0;0;0
"00 Sweden";"divorced";"16 years";"men";0;0;0;0;0;0;0;0;0;0;0;0;0;0;0;0;0;0;0;0;0;0;0;0;0;0;0;0;0;0;0;0;0;0;0;0;0;0;0;0;0;0;0;0;0;0;0;0;0;0;0;0;0;0;0;0;0
"00 Sweden";"divorced";"16 years";"women";0;0;0;0;1;0;2;0;1;0;2;1;0;1;0;0;0;0;0;0;0;0;0;0;0;0;0;0;0;0;0;0;0;0;0;0;0;0;0;0;0;0;0;0;0;0;0;0;0;0;0;0;0;0;0;0;0
"00 Sweden";"divorced";"17 years";"men";0;0;0;0;0;0;0;0;0;0;0;0;0;0;0;0;0;0;0;0;0;0;0;0;0;0;0;0;0;0;0;0;0;0;0;0;0;0;0;0;0;0;0;0;0;0;0;0;0;0;0;0;0;0;0;0;0
"00 Sweden";"divorced";"17 years";"women";1;0;0;0;1;1;4;3;2;2;0;2;2;1;3;1;1;0;0;1;0;0;0;0;0;0;0;1;0;0;0;0;2;0;0;0;0;0;1;0;0;0;0;0;0;0;0;0;0;0;0;0;0;0;0;0;0
"00 Sweden";"divorced";"18 years";"men";0;0;1;0;0;0;0;0;0;0;3;0;0;0;0;0;1;0;0;1;1;0;0;1;1;0;0;0;1;0;0;0;0;0;0;0;0;0;1;1;1;0;0;0;0;0;0;0;0;0;0;0;0;0;0;0;0
"00 Sweden";"divorced";"18 years";"women";9;1;1;4;5;1;4;11;14;10;5;5;5;5;4;7;4;7;2;4;4;3;1;5;7;2;4;6;5;3;2;2;4;3;2;2;1;3;0;5;2;2;1;2;2;1;0;2;2;0;1;1;1;2;1;1;0
"00 Sweden";"divorced";"19 years";"men";1;1;0;3;2;0;2;1;6;8;3;10;3;2;3;3;3;5;5;1;2;0;0;1;3;1;3;1;3;2;1;4;2;0;3;5;3;1;0;4;5;4;4;3;2;3;3;1;0;1;1;1;5;1;0;0;1
"00 Sweden";"divorced";"19 years";"women";57;12;17;12;16;11;31;43;46;65;33;36;24;29;30;34;23;18;25;22;18;25;22;12;27;23;24;21;22;18;11;21;23;21;25;19;24;16;17;30;30;33;29;21;16;18;15;10;13;8;9;4;11;8;8;4;7
"00 Sweden";"divorced";"20 years";"men";2;3;6;4;4;2;14;14;23;16;26;18;18;17;16;13;13;10;18;11;9;7;5;8;12;11;4;10;12;15;7;11;14;10;9;12;12;8;7;7;21;21;22;14;23;16;8;11;4;4;4;4;5;9;4;1;1
"00 Sweden";"divorced";"20 years";"women";64;69;63;65;49;45;84;127;151;158;169;111;110;85;83;72;84;78;73;74;65;47;54;71;69;84;66;70;67;62;60;52;73;67;67;70;65;65;59;71;94;101;79;85;69;67;58;50;38;35;36;27;27;27;18;24;10
"00 Sweden";"divorced";"21 years";"men";29;13;17;17;29;13;34;51;60;70;55;55;51;40;41;42;34;37;27;44;35;29;21;26;33;43;25;27;31;26;24;21;27;37;30;25;30;29;36;29;32;53;46;52;47;37;33;24;28;11;12;16;15;7;15;9;13
"00 Sweden";"divorced";"21 years";"women";194;199;193;155;163;145;211;226;295;325;340;332;248;242;200;184;171;195;147;156;138;143;137;154;174;175;169;119;132;121;126;120;126;131;139;139;141;130;165;142;188;202;227;176;176;137;128;131;105;83;82;72;61;59;60;51;64
"00 Sweden";"divorced";"22 years";"men";77;72;70;59;49;71;101;103;134;149;153;118;121;95;87;83;85;75;88;76;81;78;72;72;91;76;76;67;51;58;60;52;44;51;75;59;55;59;73;93;75;89;103;101;104;107;74;68;57;51;30;32;33;37;20;29;25
"00 Sweden";"divorced";"22 years";"women";421;426;477;409;365;322;430;483;460;532;565;565;541;420;420;370;364;330;334;276;271;248;261;299;317;316;296;291;219;230;229;217;190;227;252;230;258;269;276;288;305;337;370;394;333;321;249;227;222;205;161;158;137;106;113;105;89
"00 Sweden";"divorced";"23 years";"men";193;192;213;164;153;133;213;253;256;254;270;275;249;213;178;163;169;164;130;161;152;150;144;160;170;168;149;116;118;105;106;104;117;97;117;126;113;113;123;129;165;168;188;197;174;204;174;137;108;105;92;67;62;68;52;33;41
"00 Sweden";"divorced";"23 years";"women";729;735;782;854;747;647;746;830;792;755;851;869;844;808;672;637;591;552;528;512;453;443;457;480;553;563;524;475;450;379;357;360;360;349;351;402;378;418;446;457;495;502;582;596;610;570;524;413;351;342;342;267;280;218;172;160;149
"00 Sweden";"divorced";"24 years";"men";385;425;413;426;341;295;396;441;471;454;437;432;430;385;347;282;285;283;275;234;274;252;257;281;295;294;276;255;190;195;197;181;165;205;164;200;229;180;198;232;263;277;299;289;303;268;334;260;211;180;190;158;130;124;109;93;70
"00 Sweden";"divorced";"24 years";"women";994;1068;1151;1249;1270;1101;1233;1238;1260;1203;1182;1195;1213;1198;1126;939;907;824;787;774;766;714;715;753;823;858;852;752;681;659;599;543;522;546;550;531;561;535;618;590;685;734;759;844;833;892;836;738;612;564;529;505;436;379;327;250;234
"00 Sweden";"divorced";"25 years";"men";588;675;737;743;712;588;675;742;741;730;705;687;645;634;590;506;443;424;428;424;360;440;444;452;490;499;462;421;385;307;291;298;274;267;298;258;285;342;318;327;350;408;440;430;453;470;424;451;344;326;285;279;252;200;179;155;169
"00 Sweden";"divorced";"25 years";"women";1231;1410;1484;1636;1720;1792;1800;1832;1743;1695;1645;1591;1582;1595;1630;1430;1239;1199;1132;1038;983;1043;1033;1132;1160;1225;1190;1171;1033;972;888;871;770;725;739;744;749;747;796;845;870;962;1031;1038;1138;1179;1166;1071;991;842;791;756;690;598;488;438;353
"00 Sweden";"divorced";"26 years";"men";797;921;1016;1109;1137;1052;1118;1176;1107;1073;1045;1032;963;918;920;826;701;632;593;617;596;559;641;707;771;760;735;632;600;542;466;459;438;422;390;400;394;412;486;459;499;515;610;641;623;636;669;622;622;492;474;418;382;345;263;242;232
"00 Sweden";"divorced";"26 years";"women";1336;1636;1840;1992;2197;2317;2671;2463;2319;2252;2143;2127;2032;2015;2039;1995;1769;1565;1532;1411;1337;1226;1414;1461;1647;1596;1658;1521;1520;1323;1288;1167;1164;1032;956;955;959;974;1008;1057;1114;1177;1271;1329;1350;1439;1496;1398;1363;1256;1105;1030;1011;854;748;600;567
"00 Sweden";"divorced";"27 years";"men";917;1115;1341;1481;1518;1589;1705;1691;1625;1504;1457;1375;1405;1277;1237;1228;1071;942;849;821;816;802;830;998;1075;1123;1083;942;827;818;717;642;641;587;578;559;521;537;588;667;653;716;763;866;910;842;845;848;822;808;697;618;594;508;458;339;324
"00 Sweden";"divorced";"27 years";"women";1346;1719;2134;2434;2596;2826;3157;3460;3069;2827;2709;2618;2557;2488;2513;2401;2402;2097;1889;1873;1687;1602;1601;1922;2028;2135;2111;2097;1909;1886;1677;1614;1499;1504;1333;1188;1177;1182;1273;1272;1302;1376;1547;1637;1658;1752;1726;1797;1669;1687;1567;1410;1359;1269;1045;936;782
"00 Sweden";"divorced";"28 years";"men";1027;1281;1513;1795;2003;2036;2317;2367;2204;2074;1915;1848;1757;1770;1619;1557;1519;1356;1206;1103;1051;1055;1118;1183;1461;1444;1525;1419;1236;1089;1076;955;865;864;784;774;731;749;744;806;897;932;976;1028;1108;1184;1089;1083;1068;1083;1016;933;811;753;624;568;449
"00 Sweden";"divorced";"28 years";"women";1434;1707;2107;2643;2972;3144;3702;4010;4083;3599;3376;3118;3090;2984;2896;2938;2820;2760;2431;2210;2151;1953;1985;2065;2493;2629;2642;2627;2537;2326;2264;2088;1989;1873;1829;1658;1490;1468;1481;1557;1580;1623;1747;1911;2013;2027;2173;2101;2169;2040;2054;1968;1769;1672;1502;1236;1129
"00 Sweden";"divorced";"29 years";"men";1197;1324;1637;1927;2316;2537;2856;2954;2930;2709;2554;2287;2239;2151;2127;1940;1902;1837;1665;1490;1356;1306;1367;1484;1631;1923;1858;1855;1789;1568;1364;1374;1234;1128;1106;1016;999;965;949;956;1063;1226;1217;1259;1330;1402;1465;1368;1328;1291;1363;1303;1169;1042;895;770;681
"00 Sweden";"divorced";"29 years";"women";1604;1740;2042;2562;3138;3619;4039;4621;4685;4644;4092;3770;3549;3456;3477;3315;3316;3232;3048;2761;2526;2342;2260;2478;2646;3104;3245;3188;3193;3059;2763;2729;2543;2372;2241;2162;1935;1822;1753;1769;1908;1976;1984;2148;2340;2430;2434;2541;2520;2555;2483;2482;2396;2100;1932;1711;1492
"00 Sweden";"divorced";"30 years";"men";1332;1493;1699;2016;2372;2852;3309;3640;3556;3471;3211;2910;2714;2616;2637;2485;2318;2229;2129;1976;1766;1620;1626;1743;1981;2130;2436;2350;2248;2163;1914;1662;1615;1498;1408;1347;1260;1195;1218;1170;1259;1327;1553;1510;1586;1621;1719;1726;1619;1657;1609;1675;1656;1447;1264;1088;933
"00 Sweden";"divorced";"30 years";"women";1572;1889;2089;2413;3020;3685;4445;4953;5182;5246;5122;4568;4192;3991;3939;3907;3713;3677;3564;3371;3008;2791;2679;2663;3048;3230;3786;3847;3716;3675;3591;3199;3111;2987;2733;2573;2500;2228;2097;2048;2118;2294;2363;2421;2576;2793;2850;2850;2943;2962;2994;2932;2989;2787;2454;2213;1996
"00 Sweden";"divorced";"31 years";"men";1263;1608;1837;2114;2413;2846;3631;4183;4265;4148;3912;3705;3394;3134;3103;3020;2907;2664;2526;2453;2255;2026;1981;2059;2174;2463;2659;2927;2795;2636;2543;2323;1994;1961;1780;1654;1589;1510;1483;1453;1452;1527;1659;1886;1839;1941;1924;2047;2055;1987;1990;1965;2024;2005;1696;1530;1291
"00 Sweden";"divorced";"31 years";"women";1710;1827;2204;2439;2806;3524;4489;5314;5554;5780;5781;5665;5023;4713;4486;4343;4364;4039;4052;3951;3678;3202;3169;3170;3245;3552;3863;4412;4447;4300;4199;4119;3662;3516;3338;3169;2894;2775;2574;2442;2372;2484;2695;2794;2811;3066;3223;3237;3299;3412;3453;3507;3452;3466;3194;2769;2533
"00 Sweden";"divorced";"32 years";"men";1407;1553;1921;2204;2456;2873;3580;4449;4770;4777;4625;4395;4176;3838;3611;3500;3345;3260;2993;2800;2713;2503;2329;2396;2519;2647;2935;3158;3473;3298;3060;2965;2672;2347;2337;2090;1953;1848;1827;1766;1766;1785;1902;2042;2235;2215;2311;2240;2398;2387;2385;2373;2365;2404;2269;1971;1740
"00 Sweden";"divorced";"32 years";"women";1823;1921;2147;2527;2803;3267;4274;5277;5968;6120;6391;6286;6149;5474;5210;4940;4766;4700;4397;4385;4177;3796;3526;3585;3722;3862;4160;4470;5031;5081;4872;4787;4550;4133;3983;3701;3500;3261;3104;2958;2808;2777;2944;3134;3259;3337;3518;3616;3639;3760;3928;3957;4000;3922;3897;3580;3143
"00 Sweden";"divorced";"33 years";"men";1484;1646;1916;2250;2562;2914;3586;4297;5039;5263;5327;5097;4896;4634;4295;4013;3874;3718;3638;3260;3145;2905;2866;2784;2926;3057;3153;3446;3685;3959;3815;3580;3406;3047;2706;2628;2382;2295;2124;2113;2101;2118;2178;2262;2428;2630;2645;2604;2561;2773;2790;2787;2775;2737;2745;2570;2224
"00 Sweden";"divorced";"33 years";"women";1805;2048;2195;2475;2926;3232;3902;5107;5918;6592;6652;6869;6856;6623;5949;5639;5329;5157;5101;4704;4636;4258;4188;4060;4172;4289;4488;4752;5033;5548;5639;5407;5327;5025;4562;4289;4060;3929;3610;3486;3332;3209;3267;3441;3585;3785;3817;4029;4072;4158;4297;4468;4473;4511;4338;4282;4007
"00 Sweden";"divorced";"34 years";"men";1479;1745;1960;2238;2629;2949;3559;4181;4814;5533;5730;5763;5580;5413;5079;4709;4497;4196;4038;3966;3533;3316;3253;3305;3321;3498;3581;3690;3937;4163;4469;4293;4117;3861;3411;3052;2934;2660;2603;2507;2419;2481;2532;2553;2621;2891;3051;2966;2966;2951;3218;3232;3220;3155;3095;3068;2961
"00 Sweden";"divorced";"34 years";"women";1771;2021;2283;2474;2807;3352;3820;4585;5627;6437;7118;7189;7325;7333;7163;6413;6125;5701;5457;5416;4915;4693;4608;4646;4623;4739;4851;5041;5369;5589;6174;6181;5980;5856;5451;5013;4640;4406;4265;3996;3893;3770;3682;3699;3903;4097;4271;4225;4467;4546;4699;4855;5015;5049;4979;4780;4814
"00 Sweden";"divorced";"35 years";"men";1542;1713;2002;2238;2544;2962;3504;4223;4679;5313;6007;6177;6223;6038;5901;5470;5155;4873;4539;4318;4256;3752;3669;3670;3821;3812;4046;4083;4193;4450;4717;4927;4748;4535;4293;3752;3432;3171;2971;2953;2850;2847;2892;2892;2961;3041;3239;3427;3315;3374;3389;3644;3711;3646;3516;3422;3440
"00 Sweden";"divorced";"35 years";"women";1930;2004;2297;2544;2806;3196;3972;4542;5116;6076;6939;7635;7745;7906;7964;7684;6859;6521;6068;5769;5675;4975;5049;5118;5206;5168;5398;5399;5559;5877;6148;6766;6805;6527;6378;5924;5390;5006;4751;4659;4430;4384;4300;4206;4168;4408;4630;4825;4703;5004;5083;5247;5446;5566;5415;5414;5247
"00 Sweden";"divorced";"36 years";"men";1584;1749;1961;2282;2581;2904;3579;4150;4544;5099;5757;6468;6642;6756;6574;6331;5919;5538;5194;4850;4545;4445;4026;4103;4230;4302;4303;4583;4564;4670;4910;5218;5461;5250;5024;4711;4106;3749;3431;3309;3324;3245;3312;3319;3330;3402;3414;3602;3818;3690;3778;3811;4119;4193;3989;3825;3796
"00 Sweden";"divorced";"36 years";"women";2010;2214;2256;2542;2893;3201;3747;4660;5013;5602;6580;7443;8087;8314;8544;8396;8155;7349;6941;6452;6057;5780;5372;5496;5747;5835;5704;5979;5941;6117;6507;6632;7317;7423;7007;6783;6328;5751;5378;5194;5127;4890;4903;4774;4696;4738;4877;5085;5368;5217;5590;5720;5800;6037;6041;5848;5937
"00 Sweden";"divorced";"37 years";"men";1729;1755;1942;2223;2566;2957;3397;4210;4664;4936;5534;6135;6857;7121;7234;7110;6779;6285;5853;5574;5127;4559;4757;4403;4605;4755;4857;4854;5016;5009;5142;5412;5667;5951;5730;5416;5044;4449;4059;3740;3710;3790;3634;3754;3785;3757;3872;3792;3985;4270;4130;4237;4321;4595;4572;4384;4210
"00 Sweden";"divorced";"37 years";"women";2156;2247;2470;2518;2884;3240;3735;4366;5184;5436;6076;7050;7964;8675;8892;9066;8897;8636;7751;7304;6717;6105;6154;5854;6090;6341;6396;6307;6541;6553;6667;7035;7197;7903;7979;7507;7211;6731;6107;5835;5617;5672;5346;5427;5282;5226;5241;5416;5597;5915;5822;6141;6324;6290;6510;6465;6408
"00 Sweden";"divorced";"38 years";"men";2004;1934;2028;2210;2531;2865;3459;3991;4580;5103;5347;5932;6492;7322;7667;7663;7637;7130;6649;6189;5864;5144;4858;5192;4909;5163;5341;5341;5362;5516;5436;5629;5890;6205;6397;6162;5772;5390;4738;4397;4093;4096;4292;4142;4174;4241;4215;4269;4201;4423;4789;4618;4740;4758;4938;4922;4785
"00 Sweden";"divorced";"38 years";"women";2476;2406;2492;2731;2827;3205;3716;4301;4889;5653;5871;6456;7488;8492;9211;9473;9670;9365;9098;8206;7695;6753;6462;6636;6398;6704;6922;6985;6859;6979;7049;7172;7588;7736;8484;8565;7927;7618;7138;6475;6292;6129;6180;5899;5993;5877;5809;5809;5954;6216;6514;6424;6778;6828;6754;6955;6975
"00 Sweden";"divorced";"39 years";"men";1877;2073;2163;2249;2476;2873;3355;4037;4398;5001;5561;5714;6306;6941;7806;8199;8138;8070;7506;7004;6443;5880;5420;5328;5730;5464;5622;5874;5834;5874;5957;5887;6147;6400;6669;6854;6480;6123;5743;5066;4730;4500;4554;4747;4595;4683;4706;4656;4670;4645;4911;5297;5171;5259;5101;5310;5257
"00 Sweden";"divorced";"39 years";"women";2351;2540;2634;2758;3009;3178;3647;4253;4749;5310;6084;6258;6864;7942;8990;9823;10039;10168;9821;9524;8567;7713;7071;6971;7269;6937;7277;7499;7557;7340;7470;7596;7698;8089;8259;9025;8989;8344;8075;7501;6863;6806;6714;6741;6455;6625;6400;6348;6288;6462;6857;7147;7055;7375;7284;7204;7552
"00 Sweden";"divorced";"40 years";"men";1999;2031;2313;2393;2530;2809;3297;3862;4466;4749;5335;5888;5987;6705;7412;8237;8611;8505;8398;7843;7189;6358;6176;5783;5833;6217;5962;6122;6282;6245;6303;6371;6278;6521;6864;7081;7229;6906;6431;6102;5462;5129;4908;5037;5105;5084;5196;5084;5067;5114;5108;5368;5888;5624;5653;5442;5596
"00 Sweden";"divorced";"40 years";"women";2534;2517;2776;2891;3041;3349;3666;4182;4677;5127;5726;6490;6640;7260;8380;9477;10332;10438;10551;10235;9848;8563;7983;7539;7450;7792;7507;7837;7993;8058;7891;7978;8096;8193;8619;8755;9424;9380;8753;8412;7905;7330;7317;7220;7207;7026;7198;6948;6792;6840;7025;7438;7789;7646;7817;7715;7755
"00 Sweden";"divorced";"41 years";"men";2086;2222;2281;2586;2677;2799;3279;3794;4257;4843;5042;5620;6240;6283;7134;7815;8687;9048;8915;8751;8127;7127;6637;6566;6270;6365;6734;6526;6667;6793;6690;6732;6830;6729;6947;7267;7444;7617;7263;6846;6469;5912;5558;5369;5427;5706;5599;5677;5533;5496;5559;5661;5953;6341;5986;6047;5848
"00 Sweden";"divorced";"41 years";"women";2399;2758;2700;3053;3124;3321;3847;4139;4558;5105;5525;6110;6899;7079;7760;8845;9994;10820;10847;10955;10572;9817;8904;8510;8066;8053;8335;8117;8382;8522;8654;8340;8492;8621;8664;9179;9237;9940;9876;9227;8868;8384;7864;7825;7713;7826;7571;7779;7540;7304;7409;7624;8075;8428;8063;8258;8248
"00 Sweden";"divorced";"42 years";"men";2152;2309;2432;2511;2870;2950;3253;3743;4217;4615;5171;5361;5935;6643;6678;7504;8178;8991;9446;9323;9048;8097;7394;7113;7136;6768;6880;7254;6974;7091;7290;7107;7180;7273;7210;7371;7616;7808;8008;7594;7260;6930;6393;5995;5843;5947;6112;6061;6137;6041;5964;6077;6247;6485;6780;6353;6470
"00 Sweden";"divorced";"42 years";"women";2650;2584;2979;2954;3347;3382;3750;4335;4515;4904;5437;5871;6460;7301;7434;8275;9297;10430;11270;11295;11283;10502;10171;9378;9074;8574;8530;8925;8618;8858;9017;9157;8882;9048;9127;9213;9589;9650;10446;10266;9735;9390;8989;8392;8380;8306;8442;8121;8395;8159;7926;8031;8276;8617;8911;8526;8832
"00 Sweden";"divorced";"43 years";"men";2254;2387;2503;2690;2757;3152;3428;3758;4131;4504;4936;5473;5681;6316;7018;7085;7879;8614;9296;9816;9610;8964;8366;7889;7587;7640;7235;7360;7674;7386;7550;7704;7597;7622;7678;7636;7711;7972;8176;8395;8028;7685;7434;6847;6451;6357;6422;6624;6502;6602;6557;6431;6652;6772;6893;7201;6762
"00 Sweden";"divorced";"43 years";"women";2825;2887;2783;3190;3191;3611;3807;4187;4688;4825;5232;5725;6200;6830;7661;7805;8683;9653;10775;11690;11585;11286;10849;10623;9933;9612;9052;9051;9420;9072;9339;9493;9636;9437;9534;9631;9606;10024;10084;10906;10679;10266;9954;9551;8849;9012;8870;8947;8637;9017;8739;8570;8647;8844;9066;9455;9107
"00 Sweden";"divorced";"44 years";"men";2319;2463;2604;2725;2921;3037;3577;3913;4081;4430;4763;5278;5751;5967;6622;7369;7483;8076;8917;9710;10054;9465;9254;8872;8426;8113;8075;7759;7751;8081;7784;7961;8205;8104;8151;8118;8003;8024;8280;8474;8775;8464;8103;7928;7353;6946;6869;6926;7117;6928;7113;7018;7008;7198;7164;7314;7588
"00 Sweden";"divorced";"44 years";"women";3014;3038;3081;2965;3435;3422;4019;4259;4549;4978;5124;5510;6032;6472;7167;8057;8210;9052;10010;11092;11940;11484;11577;11310;11126;10450;10109;9599;9486;9886;9458;9759;9961;10119;9932;10050;10040;9987;10485;10589;11344;11169;10800;10463;10031;9457;9552;9427;9463;9225;9611;9350;9174;9270;9292;9528;9990
"00 Sweden";"divorced";"45 years";"men";2424;2515;2634;2796;2900;3159;3491;4039;4276;4380;4697;5043;5576;6021;6298;7010;7760;7795;8343;9147;9936;9817;9678;9695;9355;8890;8651;8529;8241;8139;8456;8150;8269;8671;8573;8581;8491;8328;8330;8585;8822;9124;8892;8559;8328;7830;7389;7255;7427;7626;7444;7653;7559;7518;7571;7506;7683
"00 Sweden";"divorced";"45 years";"women";3026;3178;3214;3275;3175;3653;3803;4443;4621;4838;5260;5425;5758;6347;6830;7510;8397;8487;9310;10273;11334;11750;11763;11980;11828;11590;10897;10608;10029;9902;10332;9848;10157;10398;10641;10390;10471;10416;10402;10896;10946;11804;11659;11330;10854;10630;9965;10043;9952;9959;9797;10248;9964;9726;9678;9704;10046
"00 Sweden";"divorced";"46 years";"men";2564;2643;2664;2807;2994;3098;3542;3864;4377;4518;4631;4975;5278;5779;6344;6671;7306;8021;7969;8618;9297;9674;10031;10049;10157;9779;9371;9139;8990;8594;8533;8833;8560;8716;9089;8999;8875;8832;8614;8590;8859;9200;9546;9279;8908;8814;8295;7834;7639;7869;8088;7978;8248;8097;7888;7931;7859
"00 Sweden";"divorced";"46 years";"women";3219;3165;3340;3426;3472;3378;4051;4166;4741;4897;5088;5490;5636;5970;6589;7099;7789;8654;8705;9542;10482;11143;11959;12139;12420;12224;12053;11321;10959;10427;10331;10705;10256;10656;10808;11054;10760;10853;10760;10753;11252;11343;12271;12148;11717;11372;11143;10396;10487;10451;10523;10278;10892;10504;10148;10095;10227
"00 Sweden";"divorced";"47 years";"men";2853;2693;2845;2853;3005;3213;3479;3958;4133;4623;4741;4869;5183;5498;6064;6600;6933;7589;8242;8172;8774;9081;9824;10427;10503;10563;10254;9900;9558;9363;8937;8925;9218;8893;9163;9480;9309;9220;9168;8904;8850;9195;9543;9960;9671;9446;9300;8724;8286;8061;8330;8592;8522;8752;8471;8319;8312
"00 Sweden";"divorced";"47 years";"women";3536;3374;3365;3490;3623;3662;3775;4422;4456;5013;5159;5333;5685;5850;6225;6866;7398;8012;8883;8890;9685;10310;11257;12331;12498;12758;12620;12450;11675;11313;10800;10690;11111;10623;11032;11202;11407;11062;11235;11116;11100;11590;11717;12753;12606;12247;11887;11590;10853;10876;10969;11082;10845;11433;10913;10578;10572
"00 Sweden";"divorced";"48 years";"men";3067;2988;2843;3009;3033;3230;3547;3844;4194;4329;4858;4941;5062;5423;5748;6301;6840;7150;7771;8422;8244;8535;9193;10102;10824;10875;11023;10605;10225;9883;9720;9239;9197;9601;9284;9554;9824;9603;9489;9487;9165;9236;9488;9938;10315;10172;9888;9659;9089;8709;8555;8790;9145;8979;9125;8839;8644
"00 Sweden";"divorced";"48 years";"women";3729;3694;3555;3504;3672;3807;4023;4114;4655;4649;5224;5346;5516;5889;6049;6434;7062;7551;8201;9091;9030;9483;10394;11550;12663;12834;13098;12902;12817;12011;11629;11067;11017;11436;10945;11337;11542;11722;11351;11517;11366;11471;11891;12099;13150;13086;12704;12302;11899;11271;11326;11385;11620;11315;11818;11330;11045
